{"agent_0/avg_reward":0.0009,"_runtime":14.404213,"agent_0_type":"FictitiousPlay","RandomAgent/avg_reward":-0.0009,"agent_0/reward":0,"_step":10003,"game":"RPS","FictitiousPlay/avg_reward":0.0009,"agent_1/reward":0,"agent_1/action_taken":1,"RandomAgent/final_policy":{"_type":"histogram","values":[0,0,0,0,0,0,0,0,0,0,0,0,0,0,0,0,0,0,0,0,0,0,0,0,0,0,0,0,0,0,0,0,3,0,0,0,0,0,0,0,0,0,0,0,0,0,0,0,0,0,0,0,0,0,0,0,0,0,0,0,0,0,0,0],"bins":[-0.16666666666666669,-0.15104166666666669,-0.13541666666666669,-0.11979166666666669,-0.10416666666666669,-0.08854166666666669,-0.07291666666666669,-0.057291666666666685,-0.041666666666666685,-0.026041666666666685,-0.010416666666666685,0.005208333333333315,0.020833333333333315,0.036458333333333315,0.052083333333333315,0.06770833333333331,0.08333333333333331,0.09895833333333331,0.11458333333333331,0.13020833333333331,0.14583333333333331,0.16145833333333331,0.17708333333333331,0.19270833333333331,0.20833333333333331,0.22395833333333331,0.23958333333333331,0.2552083333333333,0.2708333333333333,0.2864583333333333,0.3020833333333333,0.3177083333333333,0.3333333333333333,0.3489583333333333,0.3645833333333333,0.3802083333333333,0.3958333333333333,0.4114583333333333,0.4270833333333333,0.4427083333333333,0.4583333333333333,0.4739583333333333,0.4895833333333333,0.5052083333333333,0.5208333333333333,0.5364583333333333,0.5520833333333333,0.5677083333333333,0.5833333333333333,0.5989583333333333,0.6145833333333333,0.6302083333333333,0.6458333333333333,0.6614583333333333,0.6770833333333333,0.6927083333333333,0.7083333333333333,0.7239583333333333,0.7395833333333333,0.7552083333333333,0.7708333333333333,0.7864583333333333,0.8020833333333333,0.8177083333333333,0.8333333333333333]},"agent_0/action_distribution_final":{"bins":[0,0.03125,0.0625,0.09375,0.125,0.15625,0.1875,0.21875,0.25,0.28125,0.3125,0.34375,0.375,0.40625,0.4375,0.46875,0.5,0.53125,0.5625,0.59375,0.625,0.65625,0.6875,0.71875,0.75,0.78125,0.8125,0.84375,0.875,0.90625,0.9375,0.96875,1,1.03125,1.0625,1.09375,1.125,1.15625,1.1875,1.21875,1.25,1.28125,1.3125,1.34375,1.375,1.40625,1.4375,1.46875,1.5,1.53125,1.5625,1.59375,1.625,1.65625,1.6875,1.71875,1.75,1.78125,1.8125,1.84375,1.875,1.90625,1.9375,1.96875,2],"_type":"histogram","values":[5,0,0,0,0,0,0,0,0,0,0,0,0,0,0,0,0,0,0,0,0,0,0,0,0,0,0,0,0,0,0,0,9082,0,0,0,0,0,0,0,0,0,0,0,0,0,0,0,0,0,0,0,0,0,0,0,0,0,0,0,0,0,0,913]},"agent_1/action_distribution_final":{"_type":"histogram","values":[3337,0,0,0,0,0,0,0,0,0,0,0,0,0,0,0,0,0,0,0,0,0,0,0,0,0,0,0,0,0,0,0,3390,0,0,0,0,0,0,0,0,0,0,0,0,0,0,0,0,0,0,0,0,0,0,0,0,0,0,0,0,0,0,3273],"bins":[0,0.03125,0.0625,0.09375,0.125,0.15625,0.1875,0.21875,0.25,0.28125,0.3125,0.34375,0.375,0.40625,0.4375,0.46875,0.5,0.53125,0.5625,0.59375,0.625,0.65625,0.6875,0.71875,0.75,0.78125,0.8125,0.84375,0.875,0.90625,0.9375,0.96875,1,1.03125,1.0625,1.09375,1.125,1.15625,1.1875,1.21875,1.25,1.28125,1.3125,1.34375,1.375,1.40625,1.4375,1.46875,1.5,1.53125,1.5625,1.59375,1.625,1.65625,1.6875,1.71875,1.75,1.78125,1.8125,1.84375,1.875,1.90625,1.9375,1.96875,2]},"_timestamp":1.747853335975442e+09,"FictitiousPlay/action_taken":1,"FictitiousPlay/final_policy":{"_type":"histogram","values":[1,0,0,0,0,0,1,0,0,0,0,0,0,0,0,0,0,0,0,0,0,0,0,0,0,0,0,0,0,0,0,0,0,0,0,0,0,0,0,0,0,0,0,0,0,0,0,0,0,0,0,0,0,0,0,0,0,0,0,0,0,0,0,1],"bins":[0.0007988017973040439,0.01495881178232651,0.029118821767348976,0.04327883175237144,0.05743884173739391,0.07159885172241637,0.08575886170743884,0.0999188716924613,0.11407888167748377,0.12823889166250624,0.1423989016475287,0.15655891163255117,0.17071892161757363,0.1848789316025961,0.19903894158761856,0.21319895157264104,0.2273589615576635,0.24151897154268595,0.2556789815277084,0.2698389915127309,0.2839990014977533,0.2981590114827758,0.3123190214677983,0.32647903145282076,0.3406390414378432,0.35479905142286566,0.36895906140788814,0.38311907139291057,0.39727908137793305,0.41143909136295553,0.425599101347978,0.43975911133300044,0.4539191213180229,0.4680791313030454,0.48223914128806783,0.4963991512730903,0.5105591612581128,0.5247191712431353,0.5388791812281578,0.5530391912131802,0.5671992011982027,0.5813592111832252,0.5955192211682476,0.60967923115327,0.6238392411382926,0.637999251123315,0.6521592611083376,0.66631927109336,0.6804792810783824,0.6946392910634049,0.7087993010484274,0.7229593110334498,0.7371193210184723,0.7512793310034948,0.7654393409885172,0.7795993509735397,0.7937593609585621,0.8079193709435846,0.8220793809286071,0.8362393909136295,0.8503994008986521,0.8645594108836745,0.8787194208686969,0.8928794308537195,0.9070394408387419]},"RandomAgent/action_distribution_final":{"values":[3337,0,0,0,0,0,0,0,0,0,0,0,0,0,0,0,0,0,0,0,0,0,0,0,0,0,0,0,0,0,0,0,3390,0,0,0,0,0,0,0,0,0,0,0,0,0,0,0,0,0,0,0,0,0,0,0,0,0,0,0,0,0,0,3273],"bins":[0,0.03125,0.0625,0.09375,0.125,0.15625,0.1875,0.21875,0.25,0.28125,0.3125,0.34375,0.375,0.40625,0.4375,0.46875,0.5,0.53125,0.5625,0.59375,0.625,0.65625,0.6875,0.71875,0.75,0.78125,0.8125,0.84375,0.875,0.90625,0.9375,0.96875,1,1.03125,1.0625,1.09375,1.125,1.15625,1.1875,1.21875,1.25,1.28125,1.3125,1.34375,1.375,1.40625,1.4375,1.46875,1.5,1.53125,1.5625,1.59375,1.625,1.65625,1.6875,1.71875,1.75,1.78125,1.8125,1.84375,1.875,1.90625,1.9375,1.96875,2],"_type":"histogram"},"agent_0/action_taken":1,"FictitiousPlay/action_distribution_final":{"bins":[0,0.03125,0.0625,0.09375,0.125,0.15625,0.1875,0.21875,0.25,0.28125,0.3125,0.34375,0.375,0.40625,0.4375,0.46875,0.5,0.53125,0.5625,0.59375,0.625,0.65625,0.6875,0.71875,0.75,0.78125,0.8125,0.84375,0.875,0.90625,0.9375,0.96875,1,1.03125,1.0625,1.09375,1.125,1.15625,1.1875,1.21875,1.25,1.28125,1.3125,1.34375,1.375,1.40625,1.4375,1.46875,1.5,1.53125,1.5625,1.59375,1.625,1.65625,1.6875,1.71875,1.75,1.78125,1.8125,1.84375,1.875,1.90625,1.9375,1.96875,2],"_type":"histogram","values":[5,0,0,0,0,0,0,0,0,0,0,0,0,0,0,0,0,0,0,0,0,0,0,0,0,0,0,0,0,0,0,0,9082,0,0,0,0,0,0,0,0,0,0,0,0,0,0,0,0,0,0,0,0,0,0,0,0,0,0,0,0,0,0,913]},"agent_1/avg_reward":-0.0009,"RandomAgent/reward":0,"agent_1/final_policy":{"values":[0,0,0,0,0,0,0,0,0,0,0,0,0,0,0,0,0,0,0,0,0,0,0,0,0,0,0,0,0,0,0,0,3,0,0,0,0,0,0,0,0,0,0,0,0,0,0,0,0,0,0,0,0,0,0,0,0,0,0,0,0,0,0,0],"bins":[-0.16666666666666669,-0.15104166666666669,-0.13541666666666669,-0.11979166666666669,-0.10416666666666669,-0.08854166666666669,-0.07291666666666669,-0.057291666666666685,-0.041666666666666685,-0.026041666666666685,-0.010416666666666685,0.005208333333333315,0.020833333333333315,0.036458333333333315,0.052083333333333315,0.06770833333333331,0.08333333333333331,0.09895833333333331,0.11458333333333331,0.13020833333333331,0.14583333333333331,0.16145833333333331,0.17708333333333331,0.19270833333333331,0.20833333333333331,0.22395833333333331,0.23958333333333331,0.2552083333333333,0.2708333333333333,0.2864583333333333,0.3020833333333333,0.3177083333333333,0.3333333333333333,0.3489583333333333,0.3645833333333333,0.3802083333333333,0.3958333333333333,0.4114583333333333,0.4270833333333333,0.4427083333333333,0.4583333333333333,0.4739583333333333,0.4895833333333333,0.5052083333333333,0.5208333333333333,0.5364583333333333,0.5520833333333333,0.5677083333333333,0.5833333333333333,0.5989583333333333,0.6145833333333333,0.6302083333333333,0.6458333333333333,0.6614583333333333,0.6770833333333333,0.6927083333333333,0.7083333333333333,0.7239583333333333,0.7395833333333333,0.7552083333333333,0.7708333333333333,0.7864583333333333,0.8020833333333333,0.8177083333333333,0.8333333333333333],"_type":"histogram"},"agent_0/final_policy":{"_type":"histogram","values":[1,0,0,0,0,0,1,0,0,0,0,0,0,0,0,0,0,0,0,0,0,0,0,0,0,0,0,0,0,0,0,0,0,0,0,0,0,0,0,0,0,0,0,0,0,0,0,0,0,0,0,0,0,0,0,0,0,0,0,0,0,0,0,1],