{"RegretMatching/action_distribution_final":{"_type":"histogram","values":[3333,0,0,0,0,0,0,0,0,0,0,0,0,0,0,0,0,0,0,0,0,0,0,0,0,0,0,0,0,0,0,0,3333,0,0,0,0,0,0,0,0,0,0,0,0,0,0,0,0,0,0,0,0,0,0,0,0,0,0,0,0,0,0,3334],"bins":[0,0.03125,0.0625,0.09375,0.125,0.15625,0.1875,0.21875,0.25,0.28125,0.3125,0.34375,0.375,0.40625,0.4375,0.46875,0.5,0.53125,0.5625,0.59375,0.625,0.65625,0.6875,0.71875,0.75,0.78125,0.8125,0.84375,0.875,0.90625,0.9375,0.96875,1,1.03125,1.0625,1.09375,1.125,1.15625,1.1875,1.21875,1.25,1.28125,1.3125,1.34375,1.375,1.40625,1.4375,1.46875,1.5,1.53125,1.5625,1.59375,1.625,1.65625,1.6875,1.71875,1.75,1.78125,1.8125,1.84375,1.875,1.90625,1.9375,1.96875,2]},"_wandb":{"runtime":18},"agent_0_type":"RegretMatching","agent_1/action_taken":1,"agent_0/final_policy":{"values":[1,0,0,0,0,0,0,0,0,0,0,0,0,0,0,0,0,0,0,0,0,0,0,0,0,0,0,0,0,0,0,0,1,0,0,0,0,0,0,0,0,0,0,0,0,0,0,0,0,0,0,0,0,0,0,0,0,0,0,0,0,0,0,1],"bins":[0.33326666666666666,0.3332677083333333,0.33326875,0.33326979166666665,0.3332708333333333,0.333271875,0.33327291666666664,0.33327395833333334,0.333275,0.33327604166666663,0.33327708333333333,0.333278125,0.3332791666666667,0.3332802083333333,0.33328125,0.3332822916666667,0.3332833333333333,0.33328437499999997,0.33328541666666667,0.3332864583333333,0.33328749999999996,0.33328854166666666,0.3332895833333333,0.333290625,0.33329166666666665,0.3332927083333333,0.33329375,0.33329479166666665,0.33329583333333335,0.333296875,0.33329791666666664,0.33329895833333334,0.3333,0.33330104166666663,0.33330208333333333,0.333303125,0.3333041666666666,0.3333052083333333,0.33330624999999997,0.33330729166666667,0.3333083333333333,0.33330937499999996,0.33331041666666666,0.3333114583333333,0.3333125,0.33331354166666666,0.3333145833333333,0.333315625,0.33331666666666665,0.3333177083333333,0.33331875,0.33331979166666664,0.3333208333333333,0.333321875,0.33332291666666664,0.33332395833333334,0.333325,0.33332604166666663,0.33332708333333333,0.333328125,0.3333291666666667,0.3333302083333333,0.33333124999999997,0.33333229166666667,0.3333333333333333],"_type":"histogram"},"episode":9999,"_timestamp":1.7478535248104525e+09,"RegretMatching/reward":0,"_runtime":18.7720817,"agent_1/reward":0,"agent_0/reward":0,"game":"RPS","RegretMatching/avg_reward":0.0001,"agent_0/action_distribution_final":{"values":[3333,0,0,0,0,0,0,0,0,0,0,0,0,0,0,0,0,0,0,0,0,0,0,0,0,0,0,0,0,0,0,0,3334,0,0,0,0,0,0,0,0,0,0,0,0,0,0,0,0,0,0,0,0,0,0,0,0,0,0,0,0,0,0,3333],"bins":[0,0.03125,0.0625,0.09375,0.125,0.15625,0.1875,0.21875,0.25,0.28125,0.3125,0.34375,0.375,0.40625,0.4375,0.46875,0.5,0.53125,0.5625,0.59375,0.625,0.65625,0.6875,0.71875,0.75,0.78125,0.8125,0.84375,0.875,0.90625,0.9375,0.96875,1,1.03125,1.0625,1.09375,1.125,1.15625,1.1875,1.21875,1.25,1.28125,1.3125,1.34375,1.375,1.40625,1.4375,1.46875,1.5,1.53125,1.5625,1.59375,1.625,1.65625,1.6875,1.71875,1.75,1.78125,1.8125,1.84375,1.875,1.90625,1.9375,1.96875,2],"_type":"histogram"},"agent_1/avg_reward":0.0001,"agent_1/action_distribution_final":{"_type":"histogram","values":[3333,0,0,0,0,0,0,0,0,0,0,0,0,0,0,0,0,0,0,0,0,0,0,0,0,0,0,0,0,0,0,0,3333,0,0,0,0,0,0,0,0,0,0,0,0,0,0,0,0,0,0,0,0,0,0,0,0,0,0,0,0,0,0,3334],"bins":[0,0.03125,0.0625,0.09375,0.125,0.15625,0.1875,0.21875,0.25,0.28125,0.3125,0.34375,0.375,0.40625,0.4375,0.46875,0.5,0.53125,0.5625,0.59375,0.625,0.65625,0.6875,0.71875,0.75,0.78125,0.8125,0.84375,0.875,0.90625,0.9375,0.96875,1,1.03125,1.0625,1.09375,1.125,1.15625,1.1875,1.21875,1.25,1.28125,1.3125,1.34375,1.375,1.40625,1.4375,1.46875,1.5,1.53125,1.5625,1.59375,1.625,1.65625,1.6875,1.71875,1.75,1.78125,1.8125,1.84375,1.875,1.90625,1.9375,1.96875,2]},"RegretMatching/action_taken":1,"_step":10003,"agent_0/avg_reward":-0.0001,"agent_1_type":"RegretMatching","agent_1/final_policy":{"bins":[0.33326666666666666,0.3332677083333333,0.33326875,0.33326979166666665,0.3332708333333333,0.333271875,0.33327291666666664,0.33327395833333334,0.333275,0.33327604166666663,0.33327708333333333,0.333278125,0.3332791666666667,0.3332802083333333,0.33328125,0.3332822916666667,0.3332833333333333,0.33328437499999997,0.33328541666666667,0.3332864583333333,0.33328749999999996,0.33328854166666666,0.3332895833333333,0.333290625,0.33329166666666665,0.3332927083333333,0.33329375,0.33329479166666665,0.33329583333333335,0.333296875,0.33329791666666664,0.33329895833333334,0.3333,0.33330104166666663,0.33330208333333333,0.333303125,0.3333041666666666,0.3333052083333333,0.33330624999999997,0.33330729166666667,0.3333083333333333,0.33330937499999996,0.33331041666666666,0.3333114583333333,0.3333125,0.33331354166666666,0.3333145833333333,0.333315625,0.33331666666666665,0.3333177083333333,0.33331875,0.33331979166666664,0.3333208333333333,0.333321875,0.33332291666666664,0.33332395833333334,0.333325,0.33332604166666663,0.33332708333333333,0.333328125,0.3333291666666667,0.3333302083333333,0.33333124999999997,0.33333229166666667,0.3333333333333333],"_type":"histogram","values":[1,0,0,0,0,0,0,0,0,0,0,0,0,0,0,0,0,0,0,0,0,0,0,0,0,0,0,0,0,0,0,0,1,0,0,0,0,0,0,0,0,0,0,0,0,0,0,0,0,0,0,0,0,0,0,0,0,0,0,0,0,0,0,1]},"agent_0/action_taken":1,"RegretMatching/final_policy":{"_type":"histogram","values":[1,0,0,0,0,0,0,0,0,0,0,0,0,0,0,0,0,0,0,0,0,0,0,0,0,0,0,0,0,0,0,0,1,0,0,0,0,0,0,0,0,0,0,0,0,0,0,0,0,0,0,0,0,0,0,0,0,0,0,0,0,0,0,1],"bins":[0.33326666666666666,0.3332677083333333,0.33326875,0.33326979166666665,0.3332708333333333,0.333271875,0.33327291666666664,0.33327395833333334,0.333275,0.33327604166666663,0.33327708333333333,0.333278125,0.3332791666666667,0.3332802083333333,0.33328125,0.3332822916666667,0.3332833333333333,0.33328437499999997,0.33328541666666667,0.3332864583333333,0.33328749999999996,0.33328854166666666,0.3332895833333333,0.333290625,0.33329166666666665,0.3332927083333333,0.33329375,0.33329479166666665,0.33329583333333335,0.333296875,0.33329791666666664,0.33329895833333334,0.3333,0.33330104166666663,0.33330208333333333,0.333303125,0.3333041666666666,0.3333052083333333,0.33330624999999997,0.33330729166666667,0.3333083333333333,0.33330937499999996,0.33331041666666666,0.3333114583333333,0.3333125,0.33331354166666666,0.3333145833333333,0.333315625,0.33331666666666665,0.3333177083333333,0.33331875,0.33331979166666664,0.3333208333333333,0.333321875,0.33332291666666664,0.33332395833333334,0.333325,0.33332604166666663,0.33332708333333333,0.333328125,0.3333291666666667,0.3333302083333333,0.33333124999999997,0.33333229166666667,0.3333333333333333]}}