{"_timestamp":1.747852286146209e+09,"agent_0/reward":-1,"agent_1/avg_reward":-0.006,"agent_1/final_policy":{"_type":"histogram","values":[0,0,0,0,0,0,0,0,0,0,0,0,0,0,0,0,0,0,0,0,0,0,0,0,0,0,0,0,0,0,0,0,3,0,0,0,0,0,0,0,0,0,0,0,0,0,0,0,0,0,0,0,0,0,0,0,0,0,0,0,0,0,0,0],"bins":[-0.16666666666666669,-0.15104166666666669,-0.13541666666666669,-0.11979166666666669,-0.10416666666666669,-0.08854166666666669,-0.07291666666666669,-0.057291666666666685,-0.041666666666666685,-0.026041666666666685,-0.010416666666666685,0.005208333333333315,0.020833333333333315,0.036458333333333315,0.052083333333333315,0.06770833333333331,0.08333333333333331,0.09895833333333331,0.11458333333333331,0.13020833333333331,0.14583333333333331,0.16145833333333331,0.17708333333333331,0.19270833333333331,0.20833333333333331,0.22395833333333331,0.23958333333333331,0.2552083333333333,0.2708333333333333,0.2864583333333333,0.3020833333333333,0.3177083333333333,0.3333333333333333,0.3489583333333333,0.3645833333333333,0.3802083333333333,0.3958333333333333,0.4114583333333333,0.4270833333333333,0.4427083333333333,0.4583333333333333,0.4739583333333333,0.4895833333333333,0.5052083333333333,0.5208333333333333,0.5364583333333333,0.5520833333333333,0.5677083333333333,0.5833333333333333,0.5989583333333333,0.6145833333333333,0.6302083333333333,0.6458333333333333,0.6614583333333333,0.6770833333333333,0.6927083333333333,0.7083333333333333,0.7239583333333333,0.7395833333333333,0.7552083333333333,0.7708333333333333,0.7864583333333333,0.8020833333333333,0.8177083333333333,0.8333333333333333]},"agent_0/final_policy":{"_type":"histogram","values":[1,0,0,0,0,0,0,0,0,0,0,0,0,0,0,0,0,0,0,0,0,0,0,0,0,0,0,0,0,0,1,0,0,0,0,0,0,0,0,0,0,0,0,0,0,0,0,0,0,0,0,0,0,0,0,0,0,0,0,0,0,0,0,1],"bins":[0.03883398223020865,0.04814315663372267,0.057452331037236695,0.06676150544075073,0.07607067984426474,0.08537985424777877,0.0946890286512928,0.10399820305480682,0.11330737745832085,0.12261655186183489,0.1319257262653489,0.14123490066886293,0.15054407507237696,0.15985324947589097,0.169162423879405,0.17847159828291903,0.18778077268643306,0.1970899470899471,0.20639912149346112,0.21570829589697513,0.22501747030048916,0.2343266447040032,0.24363581910751722,0.2529449935110313,0.26225416791454526,0.2715633423180593,0.2808725167215733,0.2901816911250873,0.2994908655286014,0.30880003993211536,0.31810921433562944,0.3274183887391434,0.3367275631426575,0.3460367375461715,0.35534591194968557,0.36465508635319954,0.37396426075671363,0.3832734351602276,0.3925826095637416,0.40189178396725567,0.41120095837076964,0.42051013277428373,0.4298193071777977,0.4391284815813118,0.44843765598482577,0.45774683038833985,0.46705600479185383,0.4763651791953679,0.4856743535988819,0.49498352800239587,0.50429270240591,0.5136018768094239,0.522911051212938,0.532220225616452,0.541529400019966,0.55083857442348,0.560147748826994,0.5694569232305081,0.5787660976340221,0.5880752720375362,0.5973844464410502,0.6066936208445642,0.6160027952480782,0.6253119696515923,0.6346211440551063]},"game":"RPS","_wandb":{"runtime":45},"agent_0/avg_reward":0.006,"agent_0/action_taken":0,"agent_1/action_taken":1,"_step":10003,"agent_0_type":"FictitiousPlay","_runtime":45.979283,"agent_0/action_distribution_final":{"values":[6348,0,0,0,0,0,0,0,0,0,0,0,0,0,0,0,0,0,0,0,0,0,0,0,0,0,0,0,0,0,0,0,386,0,0,0,0,0,0,0,0,0,0,0,0,0,0,0,0,0,0,0,0,0,0,0,0,0,0,0,0,0,0,3266],"bins":[0,0.03125,0.0625,0.09375,0.125,0.15625,0.1875,0.21875,0.25,0.28125,0.3125,0.34375,0.375,0.40625,0.4375,0.46875,0.5,0.53125,0.5625,0.59375,0.625,0.65625,0.6875,0.71875,0.75,0.78125,0.8125,0.84375,0.875,0.90625,0.9375,0.96875,1,1.03125,1.0625,1.09375,1.125,1.15625,1.1875,1.21875,1.25,1.28125,1.3125,1.34375,1.375,1.40625,1.4375,1.46875,1.5,1.53125,1.5625,1.59375,1.625,1.65625,1.6875,1.71875,1.75,1.78125,1.8125,1.84375,1.875,1.90625,1.9375,1.96875,2],"_type":"histogram"},"agent_1_type":"RandomAgent","episode":9999,"agent_1/action_distribution_final":{"values":[3278,0,0,0,0,0,0,0,0,0,0,0,0,0,0,0,0,0,0,0,0,0,0,0,0,0,0,0,0,0,0,0,3295,0,0,0,0,0,0,0,0,0,0,0,0,0,0,0,0,0,0,0,0,0,0,0,0,0,0,0,0,0,0,3427],"bins":[0,0.03125,0.0625,0.09375,0.125,0.15625,0.1875,0.21875,0.25,0.28125,0.3125,0.34375,0.375,0.40625,0.4375,0.46875,0.5,0.53125,0.5625,0.59375,0.625,0.65625,0.6875,0.71875,0.75,0.78125,0.8125,0.84375,0.875,0.90625,0.9375,0.96875,1,1.03125,1.0625,1.09375,1.125,1.15625,1.1875,1.21875,1.25,1.28125,1.3125,1.34375,1.375,1.40625,1.4375,1.46875,1.5,1.53125,1.5625,1.59375,1.625,1.65625,1.6875,1.71875,1.75,1.78125,1.8125,1.84375,1.875,1.90625,1.9375,1.96875,2],"_type":"histogram"},"agent_1/reward":1}