{"total_reward_agent_0":-43,"avg_reward_agent_1":0.0043,"agent_0_action_0":3293,"_step":8,"agent_0_action_1":3382,"_wandb":{"runtime":9},"reward_plot":{"size":28049,"path":"media/images/reward_plot_8_39050a1afa687e87a70a.png","format":"png","width":640,"height":480,"_type":"image-file","sha256":"39050a1afa687e87a70a3723ef2417ece87402b6aa1891a0682a18f9bff5879f"},"agent_1_action_2":3323,"agent_0_action_2":3325,"agent_1_action_1":3228,"avg_reward_agent_0":-0.0043,"_runtime":9.1174235,"_timestamp":1.7478501940001712e+09,"total_reward_agent_1":43,"agent_1_action_0":3449}