{"agent_0/action_taken":0,"RandomAgent/action_distribution_final":{"_type":"histogram","values":[5080,0,0,0,0,0,0,0,0,0,0,0,0,0,0,0,0,0,0,0,0,0,0,0,0,0,0,0,0,0,0,0,0,0,0,0,0,0,0,0,0,0,0,0,0,0,0,0,0,0,0,0,0,0,0,0,0,0,0,0,0,0,0,4920],"bins":[0,0.015625,0.03125,0.046875,0.0625,0.078125,0.09375,0.109375,0.125,0.140625,0.15625,0.171875,0.1875,0.203125,0.21875,0.234375,0.25,0.265625,0.28125,0.296875,0.3125,0.328125,0.34375,0.359375,0.375,0.390625,0.40625,0.421875,0.4375,0.453125,0.46875,0.484375,0.5,0.515625,0.53125,0.546875,0.5625,0.578125,0.59375,0.609375,0.625,0.640625,0.65625,0.671875,0.6875,0.703125,0.71875,0.734375,0.75,0.765625,0.78125,0.796875,0.8125,0.828125,0.84375,0.859375,0.875,0.890625,0.90625,0.921875,0.9375,0.953125,0.96875,0.984375,1]},"episode":9999,"agent_1/avg_reward":-0.0114,"agent_0/avg_reward":0.0114,"FictitiousPlay/avg_reward":0.0114,"agent_0/final_policy":{"bins":[0.18384262033153584,0.19372253844617535,0.20360245656081485,0.21348237467545436,0.22336229279009384,0.23324221090473335,0.24312212901937286,0.25300204713401236,0.26288196524865187,0.2727618833632914,0.2826418014779309,0.2925217195925704,0.3024016377072099,0.31228155582184935,0.32216147393648886,0.33204139205112837,0.3419213101657679,0.3518012282804074,0.3616811463950469,0.3715610645096864,0.3814409826243259,0.3913209007389654,0.4012008188536049,0.41108073696824443,0.42096065508288394,0.43084057319752345,0.44072049131216295,0.45060040942680246,0.46048032754144197,0.4703602456560815,0.480240163770721,0.4901200818853605,0.5,0.5098799181146395,0.519759836229279,0.5296397543439185,0.539519672458558,0.5493995905731975,0.559279508687837,0.5691594268024766,0.5790393449171161,0.5889192630317555,0.598799181146395,0.6086790992610345,0.618559017375674,0.6284389354903135,0.638318853604953,0.6481987717195925,0.658078689834232,0.6679586079488715,0.677838526063511,0.6877184441781505,0.69759836229279,0.7074782804074295,0.7173581985220691,0.7272381166367086,0.7371180347513481,0.7469979528659876,0.7568778709806271,0.7667577890952666,0.7766377072099061,0.7865176253245456,0.7963975434391851,0.8062774615538246,0.8161573796684641],"_type":"histogram","values":[1,0,0,0,0,0,0,0,0,0,0,0,0,0,0,0,0,0,0,0,0,0,0,0,0,0,0,0,0,0,0,0,0,0,0,0,0,0,0,0,0,0,0,0,0,0,0,0,0,0,0,0,0,0,0,0,0,0,0,0,0,0,0,1]},"RandomAgent/action_taken":1,"FictitiousPlay/final_policy":{"_type":"histogram","values":[1,0,0,0,0,0,0,0,0,0,0,0,0,0,0,0,0,0,0,0,0,0,0,0,0,0,0,0,0,0,0,0,0,0,0,0,0,0,0,0,0,0,0,0,0,0,0,0,0,0,0,0,0,0,0,0,0,0,0,0,0,0,0,1],"bins":[0.18384262033153584,0.19372253844617535,0.20360245656081485,0.21348237467545436,0.22336229279009384,0.23324221090473335,0.24312212901937286,0.25300204713401236,0.26288196524865187,0.2727618833632914,0.2826418014779309,0.2925217195925704,0.3024016377072099,0.31228155582184935,0.32216147393648886,0.33204139205112837,0.3419213101657679,0.3518012282804074,0.3616811463950469,0.3715610645096864,0.3814409826243259,0.3913209007389654,0.4012008188536049,0.41108073696824443,0.42096065508288394,0.43084057319752345,0.44072049131216295,0.45060040942680246,0.46048032754144197,0.4703602456560815,0.480240163770721,0.4901200818853605,0.5,0.5098799181146395,0.519759836229279,0.5296397543439185,0.539519672458558,0.5493995905731975,0.559279508687837,0.5691594268024766,0.5790393449171161,0.5889192630317555,0.598799181146395,0.6086790992610345,0.618559017375674,0.6284389354903135,0.638318853604953,0.6481987717195925,0.658078689834232,0.6679586079488715,0.677838526063511,0.6877184441781505,0.69759836229279,0.7074782804074295,0.7173581985220691,0.7272381166367086,0.7371180347513481,0.7469979528659876,0.7568778709806271,0.7667577890952666,0.7766377072099061,0.7865176253245456,0.7963975434391851,0.8062774615538246,0.8161573796684641]},"agent_0/reward":-1,"RandomAgent/avg_reward":-0.0114,"agent_1_type":"RandomAgent","FictitiousPlay/action_distribution_final":{"_type":"histogram","values":[8169,0,0,0,0,0,0,0,0,0,0,0,0,0,0,0,0,0,0,0,0,0,0,0,0,0,0,0,0,0,0,0,0,0,0,0,0,0,0,0,0,0,0,0,0,0,0,0,0,0,0,0,0,0,0,0,0,0,0,0,0,0,0,1831],"bins":[0,0.015625,0.03125,0.046875,0.0625,0.078125,0.09375,0.109375,0.125,0.140625,0.15625,0.171875,0.1875,0.203125,0.21875,0.234375,0.25,0.265625,0.28125,0.296875,0.3125,0.328125,0.34375,0.359375,0.375,0.390625,0.40625,0.421875,0.4375,0.453125,0.46875,0.484375,0.5,0.515625,0.53125,0.546875,0.5625,0.578125,0.59375,0.609375,0.625,0.640625,0.65625,0.671875,0.6875,0.703125,0.71875,0.734375,0.75,0.765625,0.78125,0.796875,0.8125,0.828125,0.84375,0.859375,0.875,0.890625,0.90625,0.921875,0.9375,0.953125,0.96875,0.984375,1]},"_step":10003,"_runtime":9.9523221,"FictitiousPlay/action_taken":0,"agent_1/reward":1,"agent_0_type":"FictitiousPlay","game":"MP","agent_1/action_distribution_final":{"bins":[0,0.015625,0.03125,0.046875,0.0625,0.078125,0.09375,0.109375,0.125,0.140625,0.15625,0.171875,0.1875,0.203125,0.21875,0.234375,0.25,0.265625,0.28125,0.296875,0.3125,0.328125,0.34375,0.359375,0.375,0.390625,0.40625,0.421875,0.4375,0.453125,0.46875,0.484375,0.5,0.515625,0.53125,0.546875,0.5625,0.578125,0.59375,0.609375,0.625,0.640625,0.65625,0.671875,0.6875,0.703125,0.71875,0.734375,0.75,0.765625,0.78125,0.796875,0.8125,0.828125,0.84375,0.859375,0.875,0.890625,0.90625,0.921875,0.9375,0.953125,0.96875,0.984375,1],"_type":"histogram","values":[5080,0,0,0,0,0,0,0,0,0,0,0,0,0,0,0,0,0,0,0,0,0,0,0,0,0,0,0,0,0,0,0,0,0,0,0,0,0,0,0,0,0,0,0,0,0,0,0,0,0,0,0,0,0,0,0,0,0,0,0,0,0,0,4920]},"_wandb":{"runtime":9},"agent_1/action_taken":1,"RandomAgent/final_policy":{"_type":"histogram","values":[0,0,0,0,0,0,0,0,0,0,0,0,0,0,0,0,0,0,0,0,0,0,0,0,0,0,0,0,0,0,0,0,2,0,0,0,0,0,0,0,0,0,0,0,0,0,0,0,0,0,0,0,0,0,0,0,0,0,0,0,0,0,0,0],"bins":[0,0.015625,0.03125,0.046875,0.0625,0.078125,0.09375,0.109375,0.125,0.140625,0.15625,0.171875,0.1875,0.203125,0.21875,0.234375,0.25,0.265625,0.28125,0.296875,0.3125,0.328125,0.34375,0.359375,0.375,0.390625,0.40625,0.421875,0.4375,0.453125,0.46875,0.484375,0.5,0.515625,0.53125,0.546875,0.5625,0.578125,0.59375,0.609375,0.625,0.640625,0.65625,0.671875,0.6875,0.703125,0.71875,0.734375,0.75,0.765625,0.78125,0.796875,0.8125,0.828125,0.84375,0.859375,0.875,0.890625,0.90625,0.921875,0.9375,0.953125,0.96875,0.984375,1]},"FictitiousPlay/reward":-1,"_timestamp":1.7478532993955572e+09,"agent_1/final_policy":{"_type":"histogram","values":[0,0,0,0,0,0,0,0,0,0,0,0,0,0,0,0,0,0,0,0,0,0,0,0,0,0,0,0,0,0,0,0,2,0,0,0,0,0,0,0,0,0,0,0,0,0,0,0,0,0,0,0,0,0,0,0,0,0,0,0,0,0,0,0],"bins":[0,0.015625,0.03125,0.046875,0.0625,0.078125,0.09375,0.109375,0.125,0.140625,0.15625,0.171875,0.1875,0.203125,0.21875,0.234375,0.25,0.265625,0.28125,0.296875,0.3125,0.328125,0.34375,0.359375,0.375,0.390625,0.40625,0.421875,0.4375,0.453125,0.46875,0.484375,0.5,0.515625,0.53125,0.546875,0.5625,0.578125,0.59375,0.609375,0.625,0.640625,0.65625,0.671875,0.6875,0.703125,0.71875,0.734375,0.75,0.765625,0.78125,0.796875,0.8125,0.828125,0.84375,0.859375,0.875,0.890625,0.90625,0.921875,0.9375,0.953125,0.96875,0.984375,1]},"RandomAgent/reward":1,"agent_0/action_distribution_final":{"values":[8169,0,0,0,0,0,0,0,0,0,0,0,0,0,0,0,0,0,0,0,0,0,0,0,0,0,0,0,0,0,0,0,0,0,0,0,0,0,0,0,0,0,0,0,0,0,0,0,0,0,0,0,0,0,0,0,0,0,0,0,0,0,0,1831],"bins":[0,0.015625,0.03125,0.046875,0.0625,0.078125,0.09375,0.109375,0.125,0.140625,0.15625,0.171875,0.1875,0.203125,0.21875,0.234375,0.25,0.265625,0.28125,0.296875,0.3125,0.328125,0.34375,0.359375,0.375,0.390625,0.40625,0.421875,0.4375,0.453125,0.46875,0.484375,0.5,0.515625,0.53125,0.546875,0.5625,0.578125,0.59375,0.609375,0.625,0.640625,0.65625,0.671875,0.6875,0.703125,0.71875,0.734375,0.75,0.765625,0.78125,0.796875,0.8125,0.828125,0.84375,0.859375,0.875,0.890625,0.90625,0.921875,0.9375,0.953125,0.96875,0.984375,1],"_type":"histogram"}}