{"_wandb":{"runtime":9},"agent_1/action_distribution_final":{"bins":[0,0.015625,0.03125,0.046875,0.0625,0.078125,0.09375,0.109375,0.125,0.140625,0.15625,0.171875,0.1875,0.203125,0.21875,0.234375,0.25,0.265625,0.28125,0.296875,0.3125,0.328125,0.34375,0.359375,0.375,0.390625,0.40625,0.421875,0.4375,0.453125,0.46875,0.484375,0.5,0.515625,0.53125,0.546875,0.5625,0.578125,0.59375,0.609375,0.625,0.640625,0.65625,0.671875,0.6875,0.703125,0.71875,0.734375,0.75,0.765625,0.78125,0.796875,0.8125,0.828125,0.84375,0.859375,0.875,0.890625,0.90625,0.921875,0.9375,0.953125,0.96875,0.984375,1],"_type":"histogram","values":[5051,0,0,0,0,0,0,0,0,0,0,0,0,0,0,0,0,0,0,0,0,0,0,0,0,0,0,0,0,0,0,0,0,0,0,0,0,0,0,0,0,0,0,0,0,0,0,0,0,0,0,0,0,0,0,0,0,0,0,0,0,0,0,4949]},"agent_0/reward":-1,"agent_1_type":"RandomAgent","agent_0/action_distribution_final":{"bins":[0,0.015625,0.03125,0.046875,0.0625,0.078125,0.09375,0.109375,0.125,0.140625,0.15625,0.171875,0.1875,0.203125,0.21875,0.234375,0.25,0.265625,0.28125,0.296875,0.3125,0.328125,0.34375,0.359375,0.375,0.390625,0.40625,0.421875,0.4375,0.453125,0.46875,0.484375,0.5,0.515625,0.53125,0.546875,0.5625,0.578125,0.59375,0.609375,0.625,0.640625,0.65625,0.671875,0.6875,0.703125,0.71875,0.734375,0.75,0.765625,0.78125,0.796875,0.8125,0.828125,0.84375,0.859375,0.875,0.890625,0.90625,0.921875,0.9375,0.953125,0.96875,0.984375,1],"_type":"histogram","values":[9426,0,0,0,0,0,0,0,0,0,0,0,0,0,0,0,0,0,0,0,0,0,0,0,0,0,0,0,0,0,0,0,0,0,0,0,0,0,0,0,0,0,0,0,0,0,0,0,0,0,0,0,0,0,0,0,0,0,0,0,0,0,0,574]},"_step":10003,"agent_0/action_taken":0,"_timestamp":1.7478522077041085e+09,"_runtime":9.2858875,"game":"MP","agent_1/final_policy":{"values":[0,0,0,0,0,0,0,0,0,0,0,0,0,0,0,0,0,0,0,0,0,0,0,0,0,0,0,0,0,0,0,0,2,0,0,0,0,0,0,0,0,0,0,0,0,0,0,0,0,0,0,0,0,0,0,0,0,0,0,0,0,0,0,0],"bins":[0,0.015625,0.03125,0.046875,0.0625,0.078125,0.09375,0.109375,0.125,0.140625,0.15625,0.171875,0.1875,0.203125,0.21875,0.234375,0.25,0.265625,0.28125,0.296875,0.3125,0.328125,0.34375,0.359375,0.375,0.390625,0.40625,0.421875,0.4375,0.453125,0.46875,0.484375,0.5,0.515625,0.53125,0.546875,0.5625,0.578125,0.59375,0.609375,0.625,0.640625,0.65625,0.671875,0.6875,0.703125,0.71875,0.734375,0.75,0.765625,0.78125,0.796875,0.8125,0.828125,0.84375,0.859375,0.875,0.890625,0.90625,0.921875,0.9375,0.953125,0.96875,0.984375,1],"_type":"histogram"},"agent_1/reward":1,"episode":9999,"agent_1/action_taken":1,"agent_0/final_policy":{"_type":"histogram","values":[1,0,0,0,0,0,0,0,0,0,0,0,0,0,0,0,0,0,0,0,0,0,0,0,0,0,0,0,0,0,0,0,0,0,0,0,0,0,0,0,0,0,0,0,0,0,0,0,0,0,0,0,0,0,0,0,0,0,0,0,0,0,0,1],"bins":[0.05813024370755094,0.07193867359168997,0.085747103475829,0.09955553335996803,0.11336396324410708,0.1271723931282461,0.14098082301238513,0.15478925289652418,0.1685976827806632,0.18240611266480225,0.19621454254894127,0.2100229724330803,0.22383140231721932,0.23763983220135837,0.2514482620854974,0.26525669196963647,0.27906512185377547,0.2928735517379145,0.30668198162205357,0.32049041150619256,0.3342988413903316,0.3481072712744706,0.36191570115860966,0.3757241310427487,0.3895325609268877,0.40334099081102676,0.4171494206951658,0.43095785057930486,0.44476628046344385,0.4585747103475829,0.47238314023172195,0.48619157011586095,0.5,0.5138084298841391,0.5276168597682781,0.5414252896524171,0.5552337195365562,0.5690421494206952,0.5828505793048342,0.5966590091889732,0.6104674390731123,0.6242758689572513,0.6380842988413903,0.6518927287255294,0.6657011586096684,0.6795095884938074,0.6933180183779465,0.7071264482620855,0.7209348781462245,0.7347433080303636,0.7485517379145026,0.7623601677986417,0.7761685976827807,0.7899770275669197,0.8037854574510588,0.8175938873351978,0.8314023172193368,0.8452107471034759,0.8590191769876149,0.8728276068717539,0.886636036755893,0.900444466640032,0.914252896524171,0.9280613264083101,0.9418697562924491]},"agent_1/avg_reward":-0.007,"agent_0_type":"FictitiousPlay","agent_0/avg_reward":0.007}