{"agent_0/action_taken":1,"game":"MP","FictitiousPlay/avg_reward":-0.3428,"agent_1/action_taken":1,"FictitiousPlay/action_taken":1,"agent_0/reward":1,"RegretMatching/action_taken":1,"RegretMatching/final_policy":{"_type":"histogram","values":[1,0,0,0,0,0,0,0,0,0,0,0,0,0,0,0,0,0,0,0,0,0,0,0,0,0,0,0,0,0,0,0,0,0,0,0,0,0,0,0,0,0,0,0,0,0,0,0,0,0,0,0,0,0,0,0,0,0,0,0,0,0,0,1],"bins":[0.4984,0.4984484375,0.498496875,0.4985453125,0.49859375,0.4986421875,0.498690625,0.4987390625,0.4987875,0.4988359375,0.498884375,0.4989328125,0.49898125,0.4990296875,0.499078125,0.4991265625,0.499175,0.4992234375,0.499271875,0.4993203125,0.49936875,0.49941718749999997,0.49946562499999997,0.49951406249999997,0.49956249999999996,0.49961093749999996,0.49965937499999996,0.49970781249999996,0.49975624999999996,0.49980468749999996,0.49985312499999995,0.49990156249999995,0.49995,0.4999984375,0.500046875,0.5000953124999999,0.50014375,0.5001921874999999,0.500240625,0.5002890624999999,0.5003375,0.5003859374999999,0.500434375,0.5004828124999999,0.50053125,0.5005796874999999,0.500628125,0.5006765624999999,0.500725,0.5007734374999999,0.500821875,0.5008703124999999,0.50091875,0.5009671874999999,0.501015625,0.5010640624999999,0.5011125,0.5011609374999999,0.501209375,0.5012578124999999,0.50130625,0.5013546874999999,0.501403125,0.5014515624999999,0.5015]},"agent_1/avg_reward":0.3428,"agent_0/avg_reward":-0.3428,"agent_0/final_policy":{"values":[1,0,0,0,0,0,0,0,0,0,0,0,0,0,0,0,0,0,0,0,0,0,0,0,0,0,0,0,0,0,0,0,0,0,0,0,0,0,0,0,0,0,0,0,0,0,0,0,0,0,0,0,0,0,0,0,0,0,0,0,0,0,0,1],"bins":[0.4976023976023976,0.4976773226773227,0.49775224775224775,0.4978271728271728,0.4979020979020979,0.497977022977023,0.4980519480519481,0.49812687312687315,0.4982017982017982,0.4982767232767233,0.49835164835164836,0.4984265734265734,0.4985014985014985,0.49857642357642357,0.4986513486513487,0.49872627372627376,0.49880119880119883,0.4988761238761239,0.49895104895104897,0.49902597402597404,0.4991008991008991,0.4991758241758242,0.49925074925074925,0.4993256743256744,0.49940059940059944,0.4994755244755245,0.4995504495504496,0.49962537462537465,0.4997002997002997,0.4997752247752248,0.49985014985014986,0.49992507492507493,0.5,0.5000749250749251,0.5001498501498501,0.5002247752247753,0.5002997002997003,0.5003746253746254,0.5004495504495505,0.5005244755244755,0.5005994005994007,0.5006743256743257,0.5007492507492508,0.5008241758241758,0.500899100899101,0.500974025974026,0.5010489510489511,0.5011238761238762,0.5011988011988012,0.5012737262737263,0.5013486513486514,0.5014235764235765,0.5014985014985015,0.5015734265734266,0.5016483516483516,0.5017232767232768,0.5017982017982019,0.5018731268731269,0.501948051948052,0.502022977022977,0.5020979020979022,0.5021728271728272,0.5022477522477523,0.5023226773226773,0.5023976023976024],"_type":"histogram"},"episode":9999,"RegretMatching/reward":-1,"_wandb":{"runtime":14},"FictitiousPlay/final_policy":{"values":[1,0,0,0,0,0,0,0,0,0,0,0,0,0,0,0,0,0,0,0,0,0,0,0,0,0,0,0,0,0,0,0,0,0,0,0,0,0,0,0,0,0,0,0,0,0,0,0,0,0,0,0,0,0,0,0,0,0,0,0,0,0,0,1],"bins":[0.4976023976023976,0.4976773226773227,0.49775224775224775,0.4978271728271728,0.4979020979020979,0.497977022977023,0.4980519480519481,0.49812687312687315,0.4982017982017982,0.4982767232767233,0.49835164835164836,0.4984265734265734,0.4985014985014985,0.49857642357642357,0.4986513486513487,0.49872627372627376,0.49880119880119883,0.4988761238761239,0.49895104895104897,0.49902597402597404,0.4991008991008991,0.4991758241758242,0.49925074925074925,0.4993256743256744,0.49940059940059944,0.4994755244755245,0.4995504495504496,0.49962537462537465,0.4997002997002997,0.4997752247752248,0.49985014985014986,0.49992507492507493,0.5,0.5000749250749251,0.5001498501498501,0.5002247752247753,0.5002997002997003,0.5003746253746254,0.5004495504495505,0.5005244755244755,0.5005994005994007,0.5006743256743257,0.5007492507492508,0.5008241758241758,0.500899100899101,0.500974025974026,0.5010489510489511,0.5011238761238762,0.5011988011988012,0.5012737262737263,0.5013486513486514,0.5014235764235765,0.5014985014985015,0.5015734265734266,0.5016483516483516,0.5017232767232768,0.5017982017982019,0.5018731268731269,0.501948051948052,0.502022977022977,0.5020979020979022,0.5021728271728272,0.5022477522477523,0.5023226773226773,0.5023976023976024],"_type":"histogram"},"agent_0_type":"FictitiousPlay","FictitiousPlay/action_distribution_final":{"values":[4973,0,0,0,0,0,0,0,0,0,0,0,0,0,0,0,0,0,0,0,0,0,0,0,0,0,0,0,0,0,0,0,0,0,0,0,0,0,0,0,0,0,0,0,0,0,0,0,0,0,0,0,0,0,0,0,0,0,0,0,0,0,0,5027],"bins":[0,0.015625,0.03125,0.046875,0.0625,0.078125,0.09375,0.109375,0.125,0.140625,0.15625,0.171875,0.1875,0.203125,0.21875,0.234375,0.25,0.265625,0.28125,0.296875,0.3125,0.328125,0.34375,0.359375,0.375,0.390625,0.40625,0.421875,0.4375,0.453125,0.46875,0.484375,0.5,0.515625,0.53125,0.546875,0.5625,0.578125,0.59375,0.609375,0.625,0.640625,0.65625,0.671875,0.6875,0.703125,0.71875,0.734375,0.75,0.765625,0.78125,0.796875,0.8125,0.828125,0.84375,0.859375,0.875,0.890625,0.90625,0.921875,0.9375,0.953125,0.96875,0.984375,1],"_type":"histogram"},"agent_1/reward":-1,"FictitiousPlay/reward":1,"agent_1/final_policy":{"_type":"histogram","values":[1,0,0,0,0,0,0,0,0,0,0,0,0,0,0,0,0,0,0,0,0,0,0,0,0,0,0,0,0,0,0,0,0,0,0,0,0,0,0,0,0,0,0,0,0,0,0,0,0,0,0,0,0,0,0,0,0,0,0,0,0,0,0,1],"bins":[0.4984,0.4984484375,0.498496875,0.4985453125,0.49859375,0.4986421875,0.498690625,0.4987390625,0.4987875,0.4988359375,0.498884375,0.4989328125,0.49898125,0.4990296875,0.499078125,0.4991265625,0.499175,0.4992234375,0.499271875,0.4993203125,0.49936875,0.49941718749999997,0.49946562499999997,0.49951406249999997,0.49956249999999996,0.49961093749999996,0.49965937499999996,0.49970781249999996,0.49975624999999996,0.49980468749999996,0.49985312499999995,0.49990156249999995,0.49995,0.4999984375,0.500046875,0.5000953124999999,0.50014375,0.5001921874999999,0.500240625,0.5002890624999999,0.5003375,0.5003859374999999,0.500434375,0.5004828124999999,0.50053125,0.5005796874999999,0.500628125,0.5006765624999999,0.500725,0.5007734374999999,0.500821875,0.5008703124999999,0.50091875,0.5009671874999999,0.501015625,0.5010640624999999,0.5011125,0.5011609374999999,0.501209375,0.5012578124999999,0.50130625,0.5013546874999999,0.501403125,0.5014515624999999,0.5015]},"RegretMatching/avg_reward":0.3428,"_timestamp":1.7478533576463406e+09,"agent_1_type":"RegretMatching","RegretMatching/action_distribution_final":{"bins":[0,0.015625,0.03125,0.046875,0.0625,0.078125,0.09375,0.109375,0.125,0.140625,0.15625,0.171875,0.1875,0.203125,0.21875,0.234375,0.25,0.265625,0.28125,0.296875,0.3125,0.328125,0.34375,0.359375,0.375,0.390625,0.40625,0.421875,0.4375,0.453125,0.46875,0.484375,0.5,0.515625,0.53125,0.546875,0.5625,0.578125,0.59375,0.609375,0.625,0.640625,0.65625,0.671875,0.6875,0.703125,0.71875,0.734375,0.75,0.765625,0.78125,0.796875,0.8125,0.828125,0.84375,0.859375,0.875,0.890625,0.90625,0.921875,0.9375,0.953125,0.96875,0.984375,1],"_type":"histogram","values":[4995,0,0,0,0,0,0,0,0,0,0,0,0,0,0,0,0,0,0,0,0,0,0,0,0,0,0,0,0,0,0,0,0,0,0,0,0,0,0,0,0,0,0,0,0,0,0,0,0,0,0,0,0,0,0,0,0,0,0,0,0,0,0,5005]},"_step":10003,"agent_0/action_distribution_final":{"bins":[0,0.015625,0.03125,0.046875,0.0625,0.078125,0.09375,0.109375,0.125,0.140625,0.15625,0.171875,0.1875,0.203125,0.21875,0.234375,0.25,0.265625,0.28125,0.296875,0.3125,0.328125,0.34375,0.359375,0.375,0.390625,0.40625,0.421875,0.4375,0.453125,0.46875,0.484375,0.5,0.515625,0.53125,0.546875,0.5625,0.578125,0.59375,0.609375,0.625,0.640625,0.65625,0.671875,0.6875,0.703125,0.71875,0.734375,0.75,0.765625,0.78125,0.796875,0.8125,0.828125,0.84375,0.859375,0.875,0.890625,0.90625,0.921875,0.9375,0.953125,0.96875,0.984375,1],"_type":"histogram","values":[4973,0,0,0,0,0,0,0,0,0,0,0,0,0,0,0,0,0,0,0,0,0,0,0,0,0,0,0,0,0,0,0,0,0,0,0,0,0,0,0,0,0,0,0,0,0,0,0,0,0,0,0,0,0,0,0,0,0,0,0,0,0,0,5027]},"agent_1/action_distribution_final":{"_type":"histogram",