{"agent_1/avg_reward":0.0128,"agent_1/reward":1,"_runtime":10.743081,"FictitiousPlay/action_taken":0,"agent_0/action_taken":0,"episode":9999,"RandomAgent/action_taken":1,"_wandb":{"runtime":10},"RandomAgent/action_distribution_final":{"_type":"histogram","values":[5025,0,0,0,0,0,0,0,0,0,0,0,0,0,0,0,0,0,0,0,0,0,0,0,0,0,0,0,0,0,0,0,0,0,0,0,0,0,0,0,0,0,0,0,0,0,0,0,0,0,0,0,0,0,0,0,0,0,0,0,0,0,0,4975],"bins":[0,0.015625,0.03125,0.046875,0.0625,0.078125,0.09375,0.109375,0.125,0.140625,0.15625,0.171875,0.1875,0.203125,0.21875,0.234375,0.25,0.265625,0.28125,0.296875,0.3125,0.328125,0.34375,0.359375,0.375,0.390625,0.40625,0.421875,0.4375,0.453125,0.46875,0.484375,0.5,0.515625,0.53125,0.546875,0.5625,0.578125,0.59375,0.609375,0.625,0.640625,0.65625,0.671875,0.6875,0.703125,0.71875,0.734375,0.75,0.765625,0.78125,0.796875,0.8125,0.828125,0.84375,0.859375,0.875,0.890625,0.90625,0.921875,0.9375,0.953125,0.96875,0.984375,1]},"agent_1_type":"RandomAgent","RandomAgent/avg_reward":0.0128,"FictitiousPlay/avg_reward":-0.0128,"agent_1/action_taken":1,"RandomAgent/final_policy":{"bins":[0,0.015625,0.03125,0.046875,0.0625,0.078125,0.09375,0.109375,0.125,0.140625,0.15625,0.171875,0.1875,0.203125,0.21875,0.234375,0.25,0.265625,0.28125,0.296875,0.3125,0.328125,0.34375,0.359375,0.375,0.390625,0.40625,0.421875,0.4375,0.453125,0.46875,0.484375,0.5,0.515625,0.53125,0.546875,0.5625,0.578125,0.59375,0.609375,0.625,0.640625,0.65625,0.671875,0.6875,0.703125,0.71875,0.734375,0.75,0.765625,0.78125,0.796875,0.8125,0.828125,0.84375,0.859375,0.875,0.890625,0.90625,0.921875,0.9375,0.953125,0.96875,0.984375,1],"_type":"histogram","values":[0,0,0,0,0,0,0,0,0,0,0,0,0,0,0,0,0,0,0,0,0,0,0,0,0,0,0,0,0,0,0,0,2,0,0,0,0,0,0,0,0,0,0,0,0,0,0,0,0,0,0,0,0,0,0,0,0,0,0,0,0,0,0,0]},"agent_0/reward":-1,"agent_0_type":"FictitiousPlay","agent_0/final_policy":{"values":[1,0,0,0,0,0,0,0,0,0,0,0,0,0,0,0,0,0,0,0,0,0,0,0,0,0,0,0,0,0,0,0,0,0,0,0,0,0,0,0,0,0,0,0,0,0,0,0,0,0,0,0,0,0,0,0,0,0,0,0,0,0,0,1],"bins":[0.45991813916342217,0.4611706973145652,0.4624232554657083,0.46367581361685134,0.4649283717679944,0.46618092991913745,0.4674334880702805,0.46868604622142357,0.4699386043725666,0.4711911625237097,0.47244372067485274,0.4736962788259958,0.47494883697713886,0.4762013951282819,0.47745395327942497,0.478706511430568,0.4799590695817111,0.48121162773285414,0.4824641858839972,0.48371674403514026,0.4849693021862833,0.48622186033742637,0.4874744184885694,0.4887269766397125,0.48997953479085554,0.4912320929419986,0.49248465109314166,0.4937372092442847,0.49498976739542777,0.49624232554657083,0.4974948836977139,0.49874744184885694,0.5,0.5012525581511431,0.5025051163022861,0.5037576744534291,0.5050102326045722,0.5062627907557153,0.5075153489068583,0.5087679070580013,0.5100204652091445,0.5112730233602876,0.5125255815114306,0.5137781396625736,0.5150306978137167,0.5162832559648598,0.5175358141160028,0.5187883722671458,0.5200409304182889,0.521293488569432,0.522546046720575,0.523798604871718,0.5250511630228611,0.5263037211740043,0.5275562793251473,0.5288088374762903,0.5300613956274334,0.5313139537785765,0.5325665119297195,0.5338190700808625,0.5350716282320056,0.5363241863831487,0.5375767445342917,0.5388293026854347,0.5400818608365778],"_type":"histogram"},"FictitiousPlay/action_distribution_final":{"bins":[0,0.015625,0.03125,0.046875,0.0625,0.078125,0.09375,0.109375,0.125,0.140625,0.15625,0.171875,0.1875,0.203125,0.21875,0.234375,0.25,0.265625,0.28125,0.296875,0.3125,0.328125,0.34375,0.359375,0.375,0.390625,0.40625,0.421875,0.4375,0.453125,0.46875,0.484375,0.5,0.515625,0.53125,0.546875,0.5625,0.578125,0.59375,0.609375,0.625,0.640625,0.65625,0.671875,0.6875,0.703125,0.71875,0.734375,0.75,0.765625,0.78125,0.796875,0.8125,0.828125,0.84375,0.859375,0.875,0.890625,0.90625,0.921875,0.9375,0.953125,0.96875,0.984375,1],"_type":"histogram","values":[5403,0,0,0,0,0,0,0,0,0,0,0,0,0,0,0,0,0,0,0,0,0,0,0,0,0,0,0,0,0,0,0,0,0,0,0,0,0,0,0,0,0,0,0,0,0,0,0,0,0,0,0,0,0,0,0,0,0,0,0,0,0,0,4597]},"agent_1/action_distribution_final":{"_type":"histogram","values":[5025,0,0,0,0,0,0,0,0,0,0,0,0,0,0,0,0,0,0,0,0,0,0,0,0,0,0,0,0,0,0,0,0,0,0,0,0,0,0,0,0,0,0,0,0,0,0,0,0,0,0,0,0,0,0,0,0,0,0,0,0,0,0,4975],"bins":[0,0.015625,0.03125,0.046875,0.0625,0.078125,0.09375,0.109375,0.125,0.140625,0.15625,0.171875,0.1875,0.203125,0.21875,0.234375,0.25,0.265625,0.28125,0.296875,0.3125,0.328125,0.34375,0.359375,0.375,0.390625,0.40625,0.421875,0.4375,0.453125,0.46875,0.484375,0.5,0.515625,0.53125,0.546875,0.5625,0.578125,0.59375,0.609375,0.625,0.640625,0.65625,0.671875,0.6875,0.703125,0.71875,0.734375,0.75,0.765625,0.78125,0.796875,0.8125,0.828125,0.84375,0.859375,0.875,0.890625,0.90625,0.921875,0.9375,0.953125,0.96875,0.984375,1]},"agent_1/final_policy":{"_type":"histogram","values":[0,0,0,0,0,0,0,0,0,0,0,0,0,0,0,0,0,0,0,0,0,0,0,0,0,0,0,0,0,0,0,0,2,0,0,0,0,0,0,0,0,0,0,0,0,0,0,0,0,0,0,0,0,0,0,0,0,0,0,0,0,0,0,0],"bins":[0,0.015625,0.03125,0.046875,0.0625,0.078125,0.09375,0.109375,0.125,0.140625,0.15625,0.171875,0.1875,0.203125,0.21875,0.234375,0.25,0.265625,0.28125,0.296875,0.3125,0.328125,0.34375,0.359375,0.375,0.390625,0.40625,0.421875,0.4375,0.453125,0.46875,0.484375,0.5,0.515625,0.53125,0.546875,0.5625,0.578125,0.59375,0.609375,0.625,0.640625,0.65625,0.671875,0.6875,0.703125,0.71875,0.734375,0.75,0.765625,0.78125,0.796875,0.8125,0.828125,0.84375,0.859375,0.875,0.890625,0.90625,0.921875,0.9375,0.953125,0.96875,0.984375,1]},"game":"MP","RandomAgent/reward":1,"FictitiousPlay/reward":-1,"final_rewards_summary":{"_type":"table-file","sha256":"b7e83e81f8c543e63c79d61f36ddaedd8f54f68c86dd61480ea2adafc6b67974","size":135,"artifact_path":"wandb-client-artifact://25kehkrxs6cjuull50ixx26k85fp4btcns83tue6ury65mig6qfzpnhusa6f4ew2j1akeof1kx0ksyhtvsi188ks6t3c8injtsufiay27wb02asovl4lx31xxivqb0cv/final_rewards_summary.table.json","_latest_artifact_path":"wandb-client-artifact://qqcsw770hm4np7b0crsjg66rh1x0o0h31o0ehafds18rh0ks3kq6asetjamwq2qde19cd2axboplby007ql6cfi8z1ocyxppt02ylctcebrvufo0befz41odqqkzt7z9:latest/final_rewards_summary.table.json","path":"media/table/final_rewards_summary_10004_b7e83e81f8c543e63c79.table.json","ncols":3,"nrows":2},"agent_0/action_distribution_final":{"values":[5403,0,0,0,0,0,0,0,0,0,0,0,0,0,0,0,0,0,0,0,0,0,0,0,0,0,0,0,0,0,0,0,0,0,0,0,0,0,0,0,0,0,0,0,0,0,0,0,0,0,0,0,0,0,0,0,0,0,0,0,0,0,0,4597],"bins":[0,0.015625,0.03125,0.046875,0.0625,0.078125,0.09375,0.109375,0.125,0.140625,0.15625,0.171875,0.1875,0.203125,0.21875,0.234375,0.25,0.265625,0.28125,0.296875,0.3125,0.328125,0.34375,0.359375,0.375,0.390625,0.40625,0.421875,0.4375,0.453125,0.46875,0.484375,0.5,0.515625,0.53125,0.546875,0.5625,0.578125,0.59375,0.609375,0.625,0.640625,0.65625,0.671875,0.6875,0.703125,0.71875,0.734375,0.75,0.765625,0.78125,0.796875,0.8125,0.828125,0.84375,0.859375,0.875,0.890625,0.90625,0.921875,0.9375,0.953125,0.96875,0.984375,1],"_type":"histogram"},"_timestamp":1.7478543980639086e+09,"agent_0/avg_reward":-0.0128,"FictitiousPlay/final_policy":{"_type":"histogram","values":[1,0,0,0,0,0,0,0,0,0,0,0,0,0,0,0,0,0,0,0,0,0,0,0,0,0,0,0,0,0,0,0,0,0,0,0,0,0,0,0,0,0,0,0,0,0,0,0,0,0,0,0,0,0,0,0,0,0,0,0,0,0,0,1],