{"_timestamp":1.747850290465434e+09,"_wandb":{"runtime":12},"agent_1_action_0":10000,"avg_reward_agent_0":0,"_step":4,"reward_plot":{"size":19491,"path":"media/images/reward_plot_4_dd087c73c43588cc56cf.png","format":"png","width":640,"height":480,"_type":"image-file","sha256":"dd087c73c43588cc56cf1e5d1d01f5a5f8f263b980c00aef9c24e7b5d1675c6a"},"total_reward_agent_1":0,"_runtime":12.8918683,"agent_0_action_0":10000,"avg_reward_agent_1":0,"total_reward_agent_0":0}