{"agent_0/action_taken":2,"agent_1_type":"RandomAgent","RegretMatching/avg_reward":-0.0046,"RandomAgent/action_taken":1,"agent_0_type":"RegretMatching","game":"RPS","RandomAgent/reward":-1,"RandomAgent/final_policy":{"values":[0,0,0,0,0,0,0,0,0,0,0,0,0,0,0,0,0,0,0,0,0,0,0,0,0,0,0,0,0,0,0,0,3,0,0,0,0,0,0,0,0,0,0,0,0,0,0,0,0,0,0,0,0,0,0,0,0,0,0,0,0,0,0,0],"bins":[-0.16666666666666669,-0.15104166666666669,-0.13541666666666669,-0.11979166666666669,-0.10416666666666669,-0.08854166666666669,-0.07291666666666669,-0.057291666666666685,-0.041666666666666685,-0.026041666666666685,-0.010416666666666685,0.005208333333333315,0.020833333333333315,0.036458333333333315,0.052083333333333315,0.06770833333333331,0.08333333333333331,0.09895833333333331,0.11458333333333331,0.13020833333333331,0.14583333333333331,0.16145833333333331,0.17708333333333331,0.19270833333333331,0.20833333333333331,0.22395833333333331,0.23958333333333331,0.2552083333333333,0.2708333333333333,0.2864583333333333,0.3020833333333333,0.3177083333333333,0.3333333333333333,0.3489583333333333,0.3645833333333333,0.3802083333333333,0.3958333333333333,0.4114583333333333,0.4270833333333333,0.4427083333333333,0.4583333333333333,0.4739583333333333,0.4895833333333333,0.5052083333333333,0.5208333333333333,0.5364583333333333,0.5520833333333333,0.5677083333333333,0.5833333333333333,0.5989583333333333,0.6145833333333333,0.6302083333333333,0.6458333333333333,0.6614583333333333,0.6770833333333333,0.6927083333333333,0.7083333333333333,0.7239583333333333,0.7395833333333333,0.7552083333333333,0.7708333333333333,0.7864583333333333,0.8020833333333333,0.8177083333333333,0.8333333333333333],"_type":"histogram"},"agent_1/avg_reward":0.0046,"_timestamp":1.7478534602874596e+09,"RandomAgent/avg_reward":0.0046,"agent_0/final_policy":{"_type":"histogram","values":[1,0,0,0,0,0,0,0,0,0,0,0,0,0,0,0,1,0,0,0,0,0,0,0,0,0,0,0,0,0,0,0,0,0,0,0,0,0,0,0,0,0,0,0,0,0,0,0,0,0,0,0,0,0,0,0,0,0,0,0,0,0,0,1],"bins":[0.33123333333334665,0.33130989583334663,0.3313864583333466,0.33146302083334667,0.33153958333334665,0.33161614583334664,0.33169270833334663,0.3317692708333467,0.33184583333334666,0.33192239583334665,0.33199895833334664,0.3320755208333466,0.33215208333334667,0.33222864583334666,0.33230520833334665,0.33238177083334663,0.3324583333333466,0.33253489583334667,0.33261145833334665,0.33268802083334664,0.33276458333334663,0.3328411458333467,0.33291770833334666,0.33299427083334665,0.33307083333334664,0.3331473958333466,0.33322395833334667,0.33330052083334666,0.33337708333334665,0.33345364583334663,0.3335302083333467,0.33360677083334667,0.33368333333334665,0.33375989583334664,0.33383645833334663,0.3339130208333467,0.33398958333334666,0.33406614583334665,0.33414270833334664,0.3342192708333467,0.33429583333334667,0.33437239583334666,0.33444895833334665,0.33452552083334663,0.3346020833333467,0.33467864583334667,0.33475520833334665,0.33483177083334664,0.3349083333333467,0.3349848958333467,0.33506145833334666,0.33513802083334665,0.33521458333334664,0.3352911458333467,0.33536770833334667,0.33544427083334666,0.33552083333334665,0.33559739583334663,0.3356739583333467,0.33575052083334667,0.33582708333334665,0.33590364583334664,0.3359802083333467,0.3360567708333467,0.33613333333334666]},"agent_0/avg_reward":-0.0046,"agent_1/reward":-1,"RegretMatching/reward":1,"agent_1/final_policy":{"bins":[-0.16666666666666669,-0.15104166666666669,-0.13541666666666669,-0.11979166666666669,-0.10416666666666669,-0.08854166666666669,-0.07291666666666669,-0.057291666666666685,-0.041666666666666685,-0.026041666666666685,-0.010416666666666685,0.005208333333333315,0.020833333333333315,0.036458333333333315,0.052083333333333315,0.06770833333333331,0.08333333333333331,0.09895833333333331,0.11458333333333331,0.13020833333333331,0.14583333333333331,0.16145833333333331,0.17708333333333331,0.19270833333333331,0.20833333333333331,0.22395833333333331,0.23958333333333331,0.2552083333333333,0.2708333333333333,0.2864583333333333,0.3020833333333333,0.3177083333333333,0.3333333333333333,0.3489583333333333,0.3645833333333333,0.3802083333333333,0.3958333333333333,0.4114583333333333,0.4270833333333333,0.4427083333333333,0.4583333333333333,0.4739583333333333,0.4895833333333333,0.5052083333333333,0.5208333333333333,0.5364583333333333,0.5520833333333333,0.5677083333333333,0.5833333333333333,0.5989583333333333,0.6145833333333333,0.6302083333333333,0.6458333333333333,0.6614583333333333,0.6770833333333333,0.6927083333333333,0.7083333333333333,0.7239583333333333,0.7395833333333333,0.7552083333333333,0.7708333333333333,0.7864583333333333,0.8020833333333333,0.8177083333333333,0.8333333333333333],"_type":"histogram","values":[0,0,0,0,0,0,0,0,0,0,0,0,0,0,0,0,0,0,0,0,0,0,0,0,0,0,0,0,0,0,0,0,3,0,0,0,0,0,0,0,0,0,0,0,0,0,0,0,0,0,0,0,0,0,0,0,0,0,0,0,0,0,0,0]},"RegretMatching/action_taken":2,"_wandb":{"runtime":12},"agent_1/action_taken":1,"RegretMatching/action_distribution_final":{"_type":"histogram","values":[3324,0,0,0,0,0,0,0,0,0,0,0,0,0,0,0,0,0,0,0,0,0,0,0,0,0,0,0,0,0,0,0,3370,0,0,0,0,0,0,0,0,0,0,0,0,0,0,0,0,0,0,0,0,0,0,0,0,0,0,0,0,0,0,3306],"bins":[0,0.03125,0.0625,0.09375,0.125,0.15625,0.1875,0.21875,0.25,0.28125,0.3125,0.34375,0.375,0.40625,0.4375,0.46875,0.5,0.53125,0.5625,0.59375,0.625,0.65625,0.6875,0.71875,0.75,0.78125,0.8125,0.84375,0.875,0.90625,0.9375,0.96875,1,1.03125,1.0625,1.09375,1.125,1.15625,1.1875,1.21875,1.25,1.28125,1.3125,1.34375,1.375,1.40625,1.4375,1.46875,1.5,1.53125,1.5625,1.59375,1.625,1.65625,1.6875,1.71875,1.75,1.78125,1.8125,1.84375,1.875,1.90625,1.9375,1.96875,2]},"agent_1/action_distribution_final":{"bins":[0,0.03125,0.0625,0.09375,0.125,0.15625,0.1875,0.21875,0.25,0.28125,0.3125,0.34375,0.375,0.40625,0.4375,0.46875,0.5,0.53125,0.5625,0.59375,0.625,0.65625,0.6875,0.71875,0.75,0.78125,0.8125,0.84375,0.875,0.90625,0.9375,0.96875,1,1.03125,1.0625,1.09375,1.125,1.15625,1.1875,1.21875,1.25,1.28125,1.3125,1.34375,1.375,1.40625,1.4375,1.46875,1.5,1.53125,1.5625,1.59375,1.625,1.65625,1.6875,1.71875,1.75,1.78125,1.8125,1.84375,1.875,1.90625,1.9375,1.96875,2],"_type":"histogram","values":[3406,0,0,0,0,0,0,0,0,0,0,0,0,0,0,0,0,0,0,0,0,0,0,0,0,0,0,0,0,0,0,0,3298,0,0,0,0,0,0,0,0,0,0,0,0,0,0,0,0,0,0,0,0,0,0,0,0,0,0,0,0,0,0,3296]},"RandomAgent/action_distribution_final":{"_type":"histogram","values":[3406,0,0,0,0,0,0,0,0,0,0,0,0,0,0,0,0,0,0,0,0,0,0,0,0,0,0,0,0,0,0,0,3298,0,0,0,0,0,0,0,0,0,0,0,0,0,0,0,0,0,0,0,0,0,0,0,0,0,0,0,0,0,0,3296],"bins":[0,0.03125,0.0625,0.09375,0.125,0.15625,0.1875,0.21875,0.25,0.28125,0.3125,0.34375,0.375,0.40625,0.4375,0.46875,0.5,0.53125,0.5625,0.59375,0.625,0.65625,0.6875,0.71875,0.75,0.78125,0.8125,0.84375,0.875,0.90625,0.9375,0.96875,1,1.03125,1.0625,1.09375,1.125,1.15625,1.1875,1.21875,1.25,1.28125,1.3125,1.34375,1.375,1.40625,1.4375,1.46875,1.5,1.53125,1.5625,1.59375,1.625,1.65625,1.6875,1.71875,1.75,1.78125,1.8125,1.84375,1.875,1.90625,1.9375,1.96875,2]},"_step":10003,"_runtime":12.3614355,"agent_0/action_distribution_final":{"values":[3324,0,0,0,0,0,0,0,0,0,0,0,0,0,0,0,0,0,0,0,0,0,0,0,0,0,0,0,0,0,0,0,3370,0,0,0,0,0,0,0,0,0,0,0,0,0,0,0,0,0,0,0,0,0,0,0,0,0,0,0,0,0,0,3306],"bins":[0,0.03125,0.0625,0.09375,0.125,0.15625,0.1875,0.21875,0.25,0.28125,0.3125,0.34375,0.375,0.40625,0.4375,0.46875,0.5,0.53125,0.5625,0.59375,0.625,0.65625,0.6875,0.71875,0.75,0.78125,0.8125,0.84375,0.875,0.90625,0.9375,0.96875,1,1.03125,1.0625,1.09375,1.125,1.15625,1.1875,1.21875,1.25,1.28125,1.3125,1.34375,1.375,1.40625,1.4375,1.46875,1.5,1.53125,1.5625,1.59375,1.625,1.65625,1.6875,1.71875,1.75,1.78125,1.8125,1.84375,1.875,1.90625,1.9375,1.96875,2],"_type":"histogram"},"RegretMatching/final_policy":{"_type":"histogram","values":[1,0,0,0,0,0,0,0,0,0,0,0,0,0,0,0,1,0,0,0,0,0,0,0,0,0,0,0,0,0,0,0,0,0,0,0,0,0,0,0,0,0,0,0,0,0,0,0,0,0,0,0,0,0,0,0,0,0,0,0,0,0,0,1],