{"_step":100002,"agent_0/action_distribution_final":{"_type":"histogram","values":[63163,0,0,0,0,0,0,0,0,0,0,0,0,0,0,0,0,0,0,0,0,0,0,0,0,0,0,0,0,0,0,0,0,0,0,0,0,0,0,0,0,0,0,0,0,0,0,0,0,0,0,0,0,0,0,0,0,0,0,0,0,0,0,36837],"bins":[0,0.015625,0.03125,0.046875,0.0625,0.078125,0.09375,0.109375,0.125,0.140625,0.15625,0.171875,0.1875,0.203125,0.21875,0.234375,0.25,0.265625,0.28125,0.296875,0.3125,0.328125,0.34375,0.359375,0.375,0.390625,0.40625,0.421875,0.4375,0.453125,0.46875,0.484375,0.5,0.515625,0.53125,0.546875,0.5625,0.578125,0.59375,0.609375,0.625,0.640625,0.65625,0.671875,0.6875,0.703125,0.71875,0.734375,0.75,0.765625,0.78125,0.796875,0.8125,0.828125,0.84375,0.859375,0.875,0.890625,0.90625,0.921875,0.9375,0.953125,0.96875,0.984375,1]},"agent_0/reward":-1,"agent_1/avg_reward":-0.00244,"agent_0/action_taken":0,"_runtime":187.8892553,"agent_1/action_taken":1,"_timestamp":1.7478519567124853e+09,"agent_0/avg_reward":0.00244,"agent_1/reward":1,"agent_1/action_distribution_final":{"bins":[0,0.015625,0.03125,0.046875,0.0625,0.078125,0.09375,0.109375,0.125,0.140625,0.15625,0.171875,0.1875,0.203125,0.21875,0.234375,0.25,0.265625,0.28125,0.296875,0.3125,0.328125,0.34375,0.359375,0.375,0.390625,0.40625,0.421875,0.4375,0.453125,0.46875,0.484375,0.5,0.515625,0.53125,0.546875,0.5625,0.578125,0.59375,0.609375,0.625,0.640625,0.65625,0.671875,0.6875,0.703125,0.71875,0.734375,0.75,0.765625,0.78125,0.796875,0.8125,0.828125,0.84375,0.859375,0.875,0.890625,0.90625,0.921875,0.9375,0.953125,0.96875,0.984375,1],"_type":"histogram","values":[50191,0,0,0,0,0,0,0,0,0,0,0,0,0,0,0,0,0,0,0,0,0,0,0,0,0,0,0,0,0,0,0,0,0,0,0,0,0,0,0,0,0,0,0,0,0,0,0,0,0,0,0,0,0,0,0,0,0,0,0,0,0,0,49809]},"agent_0/final_policy":{"bins":[0.368407370746973,0.3725196404111301,0.3766319100752872,0.3807441797394443,0.38485644940360136,0.3889687190677585,0.39308098873191555,0.39719325839607267,0.40130552806022973,0.40541779772438685,0.4095300673885439,0.41364233705270104,0.4177546067168581,0.4218668763810152,0.4259791460451723,0.4300914157093294,0.43420368537348647,0.4383159550376436,0.44242822470180065,0.4465404943659578,0.45065276403011484,0.45476503369427196,0.458877303358429,0.46298957302258614,0.46710184268674326,0.4712141123509003,0.4753263820150574,0.4794386516792145,0.48355092134337163,0.4876631910075287,0.49177546067168576,0.4958877303358429,0.5,0.5041122696641571,0.5082245393283141,0.5123368089924712,0.5164490786566284,0.5205613483207854,0.5246736179849425,0.5287858876490996,0.5328981573132567,0.5370104269774139,0.5411226966415709,0.545234966305728,0.5493472359698851,0.5534595056340421,0.5575717752981992,0.5616840449623564,0.5657963146265135,0.5699085842906706,0.5740208539548277,0.5781331236189847,0.5822453932831418,0.586357662947299,0.590469932611456,0.5945822022756131,0.5986944719397702,0.6028067416039273,0.6069190112680845,0.6110312809322415,0.6151435505963986,0.6192558202605556,0.6233680899247127,0.6274803595888698,0.631592629253027],"_type":"histogram","values":[1,0,0,0,0,0,0,0,0,0,0,0,0,0,0,0,0,0,0,0,0,0,0,0,0,0,0,0,0,0,0,0,0,0,0,0,0,0,0,0,0,0,0,0,0,0,0,0,0,0,0,0,0,0,0,0,0,0,0,0,0,0,0,1]},"_wandb":{"runtime":187}}