{"_wandb":{"runtime":12},"_runtime":12.1840108,"agent_1_action_1":5001,"total_reward_agent_1":3312,"reward_plot":{"height":480,"_type":"image-file","sha256":"78d983ad58750f63f74c14ee2277b43948c5d1872b5d7477e7d29a142a6b5485","size":28561,"path":"media/images/reward_plot_6_78d983ad58750f63f74c.png","format":"png","width":640},"_step":6,"agent_0_action_1":4925,"total_reward_agent_0":-3312,"agent_0_action_0":5075,"agent_1_action_0":4999,"avg_reward_agent_0":-0.3312,"_timestamp":1.7478501271684568e+09,"avg_reward_agent_1":0.3312}