{"avg_reward_agent_0":-0.0018,"avg_reward_agent_1":0.0018,"_runtime":11.6505384,"reward_plot":{"width":640,"height":480,"_type":"image-file","sha256":"35fab85b04bd2af5a1900ee072953571c905ee60b54b3bdb53387803d766b9b5","size":28182,"path":"media/images/reward_plot_6_35fab85b04bd2af5a190.png","format":"png"},"_timestamp":1.7478502118308845e+09,"agent_0_action_1":5011,"agent_0_action_0":4989,"agent_1_action_0":5012,"total_reward_agent_0":-18,"total_reward_agent_1":18,"agent_1_action_1":4988,"_wandb":{"runtime":11},"_step":6}