{"_runtime":11.3311248,"agent_1/action_taken":0,"agent_1_type":"RegretMatching","agent_0/action_distribution_final":{"bins":[-0.5,-0.484375,-0.46875,-0.453125,-0.4375,-0.421875,-0.40625,-0.390625,-0.375,-0.359375,-0.34375,-0.328125,-0.3125,-0.296875,-0.28125,-0.265625,-0.25,-0.234375,-0.21875,-0.203125,-0.1875,-0.171875,-0.15625,-0.140625,-0.125,-0.109375,-0.09375,-0.078125,-0.0625,-0.046875,-0.03125,-0.015625,0,0.015625,0.03125,0.046875,0.0625,0.078125,0.09375,0.109375,0.125,0.140625,0.15625,0.171875,0.1875,0.203125,0.21875,0.234375,0.25,0.265625,0.28125,0.296875,0.3125,0.328125,0.34375,0.359375,0.375,0.390625,0.40625,0.421875,0.4375,0.453125,0.46875,0.484375,0.5],"_type":"histogram","values":[0,0,0,0,0,0,0,0,0,0,0,0,0,0,0,0,0,0,0,0,0,0,0,0,0,0,0,0,0,0,0,0,10000,0,0,0,0,0,0,0,0,0,0,0,0,0,0,0,0,0,0,0,0,0,0,0,0,0,0,0,0,0,0,0]},"RegretMatching/action_taken":0,"RegretMatching/final_policy":{"bins":[0.4999,0.515525,0.53115,0.546775,0.5624,0.578025,0.59365,0.609275,0.6249,0.640525,0.65615,0.671775,0.6874,0.703025,0.71865,0.734275,0.7499,0.765525,0.78115,0.796775,0.8124,0.828025,0.84365,0.859275,0.8749,0.890525,0.90615,0.921775,0.9374,0.953025,0.96865,0.984275,0.9999,1.015525,1.03115,1.046775,1.0624,1.078025,1.09365,1.109275,1.1249,1.140525,1.15615,1.171775,1.1874,1.203025,1.21865,1.234275,1.2499,1.265525,1.28115,1.296775,1.3124,1.328025,1.34365,1.359275,1.3749,1.390525,1.40615,1.421775,1.4374,1.453025,1.46865,1.484275,1.4999],"_type":"histogram","values":[0,0,0,0,0,0,0,0,0,0,0,0,0,0,0,0,0,0,0,0,0,0,0,0,0,0,0,0,0,0,0,0,1,0,0,0,0,0,0,0,0,0,0,0,0,0,0,0,0,0,0,0,0,0,0,0,0,0,0,0,0,0,0,0]},"agent_1/action_distribution_final":{"_type":"histogram","values":[0,0,0,0,0,0,0,0,0,0,0,0,0,0,0,0,0,0,0,0,0,0,0,0,0,0,0,0,0,0,0,0,10000,0,0,0,0,0,0,0,0,0,0,0,0,0,0,0,0,0,0,0,0,0,0,0,0,0,0,0,0,0,0,0],"bins":[-0.5,-0.484375,-0.46875,-0.453125,-0.4375,-0.421875,-0.40625,-0.390625,-0.375,-0.359375,-0.34375,-0.328125,-0.3125,-0.296875,-0.28125,-0.265625,-0.25,-0.234375,-0.21875,-0.203125,-0.1875,-0.171875,-0.15625,-0.140625,-0.125,-0.109375,-0.09375,-0.078125,-0.0625,-0.046875,-0.03125,-0.015625,0,0.015625,0.03125,0.046875,0.0625,0.078125,0.09375,0.109375,0.125,0.140625,0.15625,0.171875,0.1875,0.203125,0.21875,0.234375,0.25,0.265625,0.28125,0.296875,0.3125,0.328125,0.34375,0.359375,0.375,0.390625,0.40625,0.421875,0.4375,0.453125,0.46875,0.484375,0.5]},"agent_0/avg_reward":0,"_step":10003,"agent_0_type":"RegretMatching","RegretMatching/reward":0,"agent_0/reward":0,"agent_1/final_policy":{"bins":[0.4999,0.515525,0.53115,0.546775,0.5624,0.578025,0.59365,0.609275,0.6249,0.640525,0.65615,0.671775,0.6874,0.703025,0.71865,0.734275,0.7499,0.765525,0.78115,0.796775,0.8124,0.828025,0.84365,0.859275,0.8749,0.890525,0.90615,0.921775,0.9374,0.953025,0.96865,0.984275,0.9999,1.015525,1.03115,1.046775,1.0624,1.078025,1.09365,1.109275,1.1249,1.140525,1.15615,1.171775,1.1874,1.203025,1.21865,1.234275,1.2499,1.265525,1.28115,1.296775,1.3124,1.328025,1.34365,1.359275,1.3749,1.390525,1.40615,1.421775,1.4374,1.453025,1.46865,1.484275,1.4999],"_type":"histogram","values":[0,0,0,0,0,0,0,0,0,0,0,0,0,0,0,0,0,0,0,0,0,0,0,0,0,0,0,0,0,0,0,0,1,0,0,0,0,0,0,0,0,0,0,0,0,0,0,0,0,0,0,0,0,0,0,0,0,0,0,0,0,0,0,0]},"_timestamp":1.7478535016464798e+09,"RegretMatching/action_distribution_final":{"values":[0,0,0,0,0,0,0,0,0,0,0,0,0,0,0,0,0,0,0,0,0,0,0,0,0,0,0,0,0,0,0,0,10000,0,0,0,0,0,0,0,0,0,0,0,0,0,0,0,0,0,0,0,0,0,0,0,0,0,0,0,0,0,0,0],"bins":[-0.5,-0.484375,-0.46875,-0.453125,-0.4375,-0.421875,-0.40625,-0.390625,-0.375,-0.359375,-0.34375,-0.328125,-0.3125,-0.296875,-0.28125,-0.265625,-0.25,-0.234375,-0.21875,-0.203125,-0.1875,-0.171875,-0.15625,-0.140625,-0.125,-0.109375,-0.09375,-0.078125,-0.0625,-0.046875,-0.03125,-0.015625,0,0.015625,0.03125,0.046875,0.0625,0.078125,0.09375,0.109375,0.125,0.140625,0.15625,0.171875,0.1875,0.203125,0.21875,0.234375,0.25,0.265625,0.28125,0.296875,0.3125,0.328125,0.34375,0.359375,0.375,0.390625,0.40625,0.421875,0.4375,0.453125,0.46875,0.484375,0.5],"_type":"histogram"},"agent_1/avg_reward":0,"agent_1/reward":0,"game":"Blotto","_wandb":{"runtime":11},"agent_0/final_policy":{"_type":"histogram","values":[0,0,0,0,0,0,0,0,0,0,0,0,0,0,0,0,0,0,0,0,0,0,0,0,0,0,0,0,0,0,0,0,1,0,0,0,0,0,0,0,0,0,0,0,0,0,0,0,0,0,0,0,0,0,0,0,0,0,0,0,0,0,0,0],"bins":[0.4999,0.515525,0.53115,0.546775,0.5624,0.578025,0.59365,0.609275,0.6249,0.640525,0.65615,0.671775,0.6874,0.703025,0.71865,0.734275,0.7499,0.765525,0.78115,0.796775,0.8124,0.828025,0.84365,0.859275,0.8749,0.890525,0.90615,0.921775,0.9374,0.953025,0.96865,0.984275,0.9999,1.015525,1.03115,1.046775,1.0624,1.078025,1.09365,1.109275,1.1249,1.140525,1.15615,1.171775,1.1874,1.203025,1.21865,1.234275,1.2499,1.265525,1.28115,1.296775,1.3124,1.328025,1.34365,1.359275,1.3749,1.390525,1.40615,1.421775,1.4374,1.453025,1.46865,1.484275,1.4999]},"agent_0/action_taken":0,"RegretMatching/avg_reward":0,"episode":9999}