{"_step":10003,"_runtime":31.997275600000002,"agent_0/final_policy":{"values":[0,0,0,0,0,0,0,0,0,0,0,0,0,0,0,0,0,0,0,0,0,0,0,0,0,0,0,0,0,0,0,0,1,0,0,0,0,0,0,0,0,0,0,0,0,0,0,0,0,0,0,0,0,0,0,0,0,0,0,0,0,0,0,0],"bins":[0.5,0.515625,0.53125,0.546875,0.5625,0.578125,0.59375,0.609375,0.625,0.640625,0.65625,0.671875,0.6875,0.703125,0.71875,0.734375,0.75,0.765625,0.78125,0.796875,0.8125,0.828125,0.84375,0.859375,0.875,0.890625,0.90625,0.921875,0.9375,0.953125,0.96875,0.984375,1,1.015625,1.03125,1.046875,1.0625,1.078125,1.09375,1.109375,1.125,1.140625,1.15625,1.171875,1.1875,1.203125,1.21875,1.234375,1.25,1.265625,1.28125,1.296875,1.3125,1.328125,1.34375,1.359375,1.375,1.390625,1.40625,1.421875,1.4375,1.453125,1.46875,1.484375,1.5],"_type":"histogram"},"agent_1/reward":0,"agent_1/action_distribution_final":{"_type":"histogram","values":[0,0,0,0,0,0,0,0,0,0,0,0,0,0,0,0,0,0,0,0,0,0,0,0,0,0,0,0,0,0,0,0,10000,0,0,0,0,0,0,0,0,0,0,0,0,0,0,0,0,0,0,0,0,0,0,0,0,0,0,0,0,0,0,0],"bins":[-0.5,-0.484375,-0.46875,-0.453125,-0.4375,-0.421875,-0.40625,-0.390625,-0.375,-0.359375,-0.34375,-0.328125,-0.3125,-0.296875,-0.28125,-0.265625,-0.25,-0.234375,-0.21875,-0.203125,-0.1875,-0.171875,-0.15625,-0.140625,-0.125,-0.109375,-0.09375,-0.078125,-0.0625,-0.046875,-0.03125,-0.015625,0,0.015625,0.03125,0.046875,0.0625,0.078125,0.09375,0.109375,0.125,0.140625,0.15625,0.171875,0.1875,0.203125,0.21875,0.234375,0.25,0.265625,0.28125,0.296875,0.3125,0.328125,0.34375,0.359375,0.375,0.390625,0.40625,0.421875,0.4375,0.453125,0.46875,0.484375,0.5]},"_timestamp":1.7478523868923354e+09,"episode":9999,"agent_0/avg_reward":0,"agent_1/avg_reward":0,"agent_0/action_distribution_final":{"_type":"histogram","values":[0,0,0,0,0,0,0,0,0,0,0,0,0,0,0,0,0,0,0,0,0,0,0,0,0,0,0,0,0,0,0,0,10000,0,0,0,0,0,0,0,0,0,0,0,0,0,0,0,0,0,0,0,0,0,0,0,0,0,0,0,0,0,0,0],"bins":[-0.5,-0.484375,-0.46875,-0.453125,-0.4375,-0.421875,-0.40625,-0.390625,-0.375,-0.359375,-0.34375,-0.328125,-0.3125,-0.296875,-0.28125,-0.265625,-0.25,-0.234375,-0.21875,-0.203125,-0.1875,-0.171875,-0.15625,-0.140625,-0.125,-0.109375,-0.09375,-0.078125,-0.0625,-0.046875,-0.03125,-0.015625,0,0.015625,0.03125,0.046875,0.0625,0.078125,0.09375,0.109375,0.125,0.140625,0.15625,0.171875,0.1875,0.203125,0.21875,0.234375,0.25,0.265625,0.28125,0.296875,0.3125,0.328125,0.34375,0.359375,0.375,0.390625,0.40625,0.421875,0.4375,0.453125,0.46875,0.484375,0.5]},"agent_0/action_taken":0,"agent_1_type":"RegretMatching","agent_1/action_taken":0,"game":"Blotto","_wandb":{"runtime":32},"agent_0/reward":0,"agent_0_type":"FictitiousPlay","agent_1/final_policy":{"bins":[0.4999,0.515525,0.53115,0.546775,0.5624,0.578025,0.59365,0.609275,0.6249,0.640525,0.65615,0.671775,0.6874,0.703025,0.71865,0.734275,0.7499,0.765525,0.78115,0.796775,0.8124,0.828025,0.84365,0.859275,0.8749,0.890525,0.90615,0.921775,0.9374,0.953025,0.96865,0.984275,0.9999,1.015525,1.03115,1.046775,1.0624,1.078025,1.09365,1.109275,1.1249,1.140525,1.15615,1.171775,1.1874,1.203025,1.21865,1.234275,1.2499,1.265525,1.28115,1.296775,1.3124,1.328025,1.34365,1.359275,1.3749,1.390525,1.40615,1.421775,1.4374,1.453025,1.46865,1.484275,1.4999],"_type":"histogram","values":[0,0,0,0,0,0,0,0,0,0,0,0,0,0,0,0,0,0,0,0,0,0,0,0,0,0,0,0,0,0,0,0,1,0,0,0,0,0,0,0,0,0,0,0,0,0,0,0,0,0,0,0,0,0,0,0,0,0,0,0,0,0,0,0]}}