{"reward_plot":{"_type":"image-file","sha256":"cf75a445699e2fce2e1fdaa414d9b36c952b3ee93274a3e5348449385d0eecb4","size":29568,"path":"media/images/reward_plot_6_cf75a445699e2fce2e1f.png","format":"png","width":640,"height":480},"avg_reward_agent_0":-0.0204,"_step":6,"total_reward_agent_1":204,"agent_1_action_1":5036,"_wandb":{"runtime":7},"_timestamp":1.7478501702720847e+09,"_runtime":7.2225378,"avg_reward_agent_1":0.0204,"agent_1_action_0":4964,"agent_0_action_0":5014,"agent_0_action_1":4986,"total_reward_agent_0":-204}