{"agent_1_type":"RegretMatching","_timestamp":1.7478524425459738e+09,"agent_1/action_taken":2,"agent_0/avg_reward":-0.3397,"agent_0/reward":0,"agent_1/avg_reward":0.3397,"_runtime":49.6995669,"agent_1/reward":0,"_wandb":{"runtime":49},"_step":10003,"agent_0/action_distribution_final":{"values":[3443,0,0,0,0,0,0,0,0,0,0,0,0,0,0,0,0,0,0,0,0,0,0,0,0,0,0,0,0,0,0,0,3122,0,0,0,0,0,0,0,0,0,0,0,0,0,0,0,0,0,0,0,0,0,0,0,0,0,0,0,0,0,0,3435],"bins":[0,0.03125,0.0625,0.09375,0.125,0.15625,0.1875,0.21875,0.25,0.28125,0.3125,0.34375,0.375,0.40625,0.4375,0.46875,0.5,0.53125,0.5625,0.59375,0.625,0.65625,0.6875,0.71875,0.75,0.78125,0.8125,0.84375,0.875,0.90625,0.9375,0.96875,1,1.03125,1.0625,1.09375,1.125,1.15625,1.1875,1.21875,1.25,1.28125,1.3125,1.34375,1.375,1.40625,1.4375,1.46875,1.5,1.53125,1.5625,1.59375,1.625,1.65625,1.6875,1.71875,1.75,1.78125,1.8125,1.84375,1.875,1.90625,1.9375,1.96875,2],"_type":"histogram"},"agent_0_type":"FictitiousPlay","episode":9999,"agent_1/action_distribution_final":{"bins":[0,0.03125,0.0625,0.09375,0.125,0.15625,0.1875,0.21875,0.25,0.28125,0.3125,0.34375,0.375,0.40625,0.4375,0.46875,0.5,0.53125,0.5625,0.59375,0.625,0.65625,0.6875,0.71875,0.75,0.78125,0.8125,0.84375,0.875,0.90625,0.9375,0.96875,1,1.03125,1.0625,1.09375,1.125,1.15625,1.1875,1.21875,1.25,1.28125,1.3125,1.34375,1.375,1.40625,1.4375,1.46875,1.5,1.53125,1.5625,1.59375,1.625,1.65625,1.6875,1.71875,1.75,1.78125,1.8125,1.84375,1.875,1.90625,1.9375,1.96875,2],"_type":"histogram","values":[3334,0,0,0,0,0,0,0,0,0,0,0,0,0,0,0,0,0,0,0,0,0,0,0,0,0,0,0,0,0,0,0,3336,0,0,0,0,0,0,0,0,0,0,0,0,0,0,0,0,0,0,0,0,0,0,0,0,0,0,0,0,0,0,3330]},"agent_0/action_taken":2,"game":"RPS","agent_1/final_policy":{"bins":[0.32620000000002025,0.32641406250002025,0.32662812500002025,0.32684218750002025,0.32705625000002025,0.32727031250002026,0.32748437500002026,0.3276984375000203,0.3279125000000203,0.3281265625000203,0.3283406250000203,0.3285546875000203,0.3287687500000203,0.3289828125000203,0.3291968750000203,0.3294109375000203,0.3296250000000203,0.3298390625000203,0.3300531250000203,0.3302671875000203,0.3304812500000204,0.3306953125000204,0.3309093750000204,0.3311234375000204,0.3313375000000204,0.3315515625000204,0.3317656250000204,0.3319796875000204,0.3321937500000204,0.3324078125000204,0.3326218750000204,0.3328359375000204,0.3330500000000204,0.33326406250002044,0.33347812500002044,0.33369218750002044,0.33390625000002044,0.33412031250002044,0.33433437500002045,0.33454843750002045,0.33476250000002045,0.33497656250002045,0.33519062500002045,0.33540468750002045,0.33561875000002045,0.3358328125000205,0.3360468750000205,0.3362609375000205,0.3364750000000205,0.3366890625000205,0.3369031250000205,0.3371171875000205,0.3373312500000205,0.3375453125000205,0.3377593750000205,0.3379734375000205,0.3381875000000205,0.3384015625000205,0.33861562500002057,0.33882968750002057,0.33904375000002057,0.3392578125000206,0.3394718750000206,0.3396859375000206,0.3399000000000206],"_type":"histogram","values":[1,0,0,0,0,0,0,0,0,0,0,0,0,0,0,0,0,0,0,0,0,0,0,0,0,0,0,0,0,0,0,0,0,0,0,1,0,0,0,0,0,0,0,0,0,0,0,0,0,0,0,0,0,0,0,0,0,0,0,0,0,0,0,1]},"agent_0/final_policy":{"_type":"histogram","values":[1,0,0,0,0,0,0,0,0,0,0,0,0,0,0,0,0,0,0,0,0,0,0,0,0,0,0,0,0,0,0,0,0,0,0,0,0,0,0,0,0,0,0,0,0,0,0,0,0,0,0,0,0,0,0,0,0,0,0,0,0,0,1,1],"bins":[0.3121566277095195,0.3126607606632704,0.31316489361702127,0.3136690265707721,0.314173159524523,0.3146772924782739,0.31518142543202476,0.3156855583857756,0.3161896913395265,0.3166938242932774,0.31719795724702826,0.3177020902007791,0.31820622315453,0.3187103561082809,0.31921448906203176,0.3197186220157826,0.3202227549695335,0.3207268879232844,0.32123102087703526,0.3217351538307861,0.322239286784537,0.3227434197382879,0.32324755269203875,0.3237516856457896,0.3242558185995405,0.3247599515532914,0.32526408450704225,0.3257682174607931,0.326272350414544,0.3267764833682949,0.32728061632204575,0.3277847492757966,0.3282888822295475,0.3287930151832984,0.32929714813704924,0.3298012810908001,0.330305414044551,0.3308095469983019,0.33131367995205274,0.3318178129058036,0.3323219458595545,0.3328260788133054,0.33333021176705624,0.3338343447208071,0.334338477674558,0.3348426106283089,0.33534674358205974,0.3358508765358106,0.3363550094895615,0.3368591424433124,0.33736327539706323,0.3378674083508141,0.338371541304565,0.3388756742583159,0.33937980721206673,0.3398839401658176,0.3403880731195685,0.3408922060733194,0.34139633902707023,0.3419004719808211,0.342404604934572,0.3429087378883229,0.3434128708420737,0.34391700379582457,0.3444211367495755]}}