{"agent_1/action_taken":1,"RegretMatching/final_policy":{"_type":"histogram","values":[1,0,0,0,0,0,0,0,0,0,0,0,0,0,0,0,0,0,0,0,0,0,0,0,0,0,0,0,0,0,0,0,0,0,0,0,0,0,0,0,0,0,0,0,0,0,0,0,0,0,0,0,0,0,0,0,0,0,0,0,0,0,0,1],"bins":[0.49915,0.499175,0.4992,0.499225,0.49924999999999997,0.49927499999999997,0.49929999999999997,0.49932499999999996,0.49934999999999996,0.499375,0.4994,0.499425,0.49945,0.499475,0.4995,0.499525,0.49955,0.499575,0.4996,0.499625,0.49965,0.499675,0.4997,0.499725,0.49975,0.499775,0.4998,0.499825,0.49985,0.499875,0.4999,0.499925,0.49995,0.499975,0.5,0.500025,0.50005,0.500075,0.5001,0.500125,0.50015,0.500175,0.5002,0.500225,0.50025,0.500275,0.5003,0.500325,0.5003500000000001,0.500375,0.5004000000000001,0.500425,0.5004500000000001,0.500475,0.5005000000000001,0.500525,0.50055,0.500575,0.5006,0.500625,0.50065,0.500675,0.5007,0.500725,0.50075]},"_runtime":14.1839203,"agent_0/avg_reward":0.0092,"RegretMatching/action_distribution_final":{"bins":[0,0.015625,0.03125,0.046875,0.0625,0.078125,0.09375,0.109375,0.125,0.140625,0.15625,0.171875,0.1875,0.203125,0.21875,0.234375,0.25,0.265625,0.28125,0.296875,0.3125,0.328125,0.34375,0.359375,0.375,0.390625,0.40625,0.421875,0.4375,0.453125,0.46875,0.484375,0.5,0.515625,0.53125,0.546875,0.5625,0.578125,0.59375,0.609375,0.625,0.640625,0.65625,0.671875,0.6875,0.703125,0.71875,0.734375,0.75,0.765625,0.78125,0.796875,0.8125,0.828125,0.84375,0.859375,0.875,0.890625,0.90625,0.921875,0.9375,0.953125,0.96875,0.984375,1],"_type":"histogram","values":[4993,0,0,0,0,0,0,0,0,0,0,0,0,0,0,0,0,0,0,0,0,0,0,0,0,0,0,0,0,0,0,0,0,0,0,0,0,0,0,0,0,0,0,0,0,0,0,0,0,0,0,0,0,0,0,0,0,0,0,0,0,0,0,5007]},"game":"MP","agent_1/reward":1,"RegretMatching/reward":1,"agent_0/action_distribution_final":{"_type":"histogram","values":[4991,0,0,0,0,0,0,0,0,0,0,0,0,0,0,0,0,0,0,0,0,0,0,0,0,0,0,0,0,0,0,0,0,0,0,0,0,0,0,0,0,0,0,0,0,0,0,0,0,0,0,0,0,0,0,0,0,0,0,0,0,0,0,5009],"bins":[0,0.015625,0.03125,0.046875,0.0625,0.078125,0.09375,0.109375,0.125,0.140625,0.15625,0.171875,0.1875,0.203125,0.21875,0.234375,0.25,0.265625,0.28125,0.296875,0.3125,0.328125,0.34375,0.359375,0.375,0.390625,0.40625,0.421875,0.4375,0.453125,0.46875,0.484375,0.5,0.515625,0.53125,0.546875,0.5625,0.578125,0.59375,0.609375,0.625,0.640625,0.65625,0.671875,0.6875,0.703125,0.71875,0.734375,0.75,0.765625,0.78125,0.796875,0.8125,0.828125,0.84375,0.859375,0.875,0.890625,0.90625,0.921875,0.9375,0.953125,0.96875,0.984375,1]},"agent_0/final_policy":{"values":[1,0,0,0,0,0,0,0,0,0,0,0,0,0,0,0,0,0,0,0,0,0,0,0,0,0,0,0,0,0,0,0,0,0,0,0,0,0,0,0,0,0,0,0,0,0,0,0,0,0,0,0,0,0,0,0,0,0,0,0,0,0,0,1],"bins":[0.4998,0.4998046875,0.499809375,0.49981406250000004,0.49981875000000003,0.4998234375,0.499828125,0.4998328125,0.49983750000000005,0.49984218750000003,0.499846875,0.4998515625,0.49985625,0.4998609375,0.49986562500000004,0.4998703125,0.499875,0.4998796875,0.499884375,0.49988906250000004,0.49989375,0.4998984375,0.499903125,0.4999078125,0.4999125,0.4999171875,0.499921875,0.4999265625,0.49993125,0.4999359375,0.499940625,0.4999453125,0.49995,0.4999546875,0.499959375,0.49996406250000003,0.49996875,0.4999734375,0.499978125,0.4999828125,0.49998750000000003,0.4999921875,0.499996875,0.5000015625,0.50000625,0.5000109375,0.500015625,0.5000203125,0.5000249999999999,0.5000296875,0.500034375,0.5000390625,0.50004375,0.5000484374999999,0.500053125,0.5000578125,0.5000625,0.5000671875,0.5000718749999999,0.5000765625,0.50008125,0.5000859375,0.500090625,0.5000953124999999,0.5001],"_type":"histogram"},"_wandb":{"runtime":14},"agent_0/reward":-1,"RegretMatching/avg_reward":-0.0092,"RegretMatching/action_taken":1,"agent_1/final_policy":{"values":[1,0,0,0,0,0,0,0,0,0,0,0,0,0,0,0,0,0,0,0,0,0,0,0,0,0,0,0,0,0,0,0,0,0,0,0,0,0,0,0,0,0,0,0,0,0,0,0,0,0,0,0,0,0,0,0,0,0,0,0,0,0,0,1],"bins":[0.49915,0.499175,0.4992,0.499225,0.49924999999999997,0.49927499999999997,0.49929999999999997,0.49932499999999996,0.49934999999999996,0.499375,0.4994,0.499425,0.49945,0.499475,0.4995,0.499525,0.49955,0.499575,0.4996,0.499625,0.49965,0.499675,0.4997,0.499725,0.49975,0.499775,0.4998,0.499825,0.49985,0.499875,0.4999,0.499925,0.49995,0.499975,0.5,0.500025,0.50005,0.500075,0.5001,0.500125,0.50015,0.500175,0.5002,0.500225,0.50025,0.500275,0.5003,0.500325,0.5003500000000001,0.500375,0.5004000000000001,0.500425,0.5004500000000001,0.500475,0.5005000000000001,0.500525,0.50055,0.500575,0.5006,0.500625,0.50065,0.500675,0.5007,0.500725,0.50075],"_type":"histogram"},"episode":9999,"_step":10003,"agent_0/action_taken":0,"_timestamp":1.7478534836342392e+09,"agent_1_type":"RegretMatching","agent_1/avg_reward":-0.0092,"agent_0_type":"RegretMatching","agent_1/action_distribution_final":{"_type":"histogram","values":[4993,0,0,0,0,0,0,0,0,0,0,0,0,0,0,0,0,0,0,0,0,0,0,0,0,0,0,0,0,0,0,0,0,0,0,0,0,0,0,0,0,0,0,0,0,0,0,0,0,0,0,0,0,0,0,0,0,0,0,0,0,0,0,5007],"bins":[0,0.015625,0.03125,0.046875,0.0625,0.078125,0.09375,0.109375,0.125,0.140625,0.15625,0.171875,0.1875,0.203125,0.21875,0.234375,0.25,0.265625,0.28125,0.296875,0.3125,0.328125,0.34375,0.359375,0.375,0.390625,0.40625,0.421875,0.4375,0.453125,0.46875,0.484375,0.5,0.515625,0.53125,0.546875,0.5625,0.578125,0.59375,0.609375,0.625,0.640625,0.65625,0.671875,0.6875,0.703125,0.71875,0.734375,0.75,0.765625,0.78125,0.796875,0.8125,0.828125,0.84375,0.859375,0.875,0.890625,0.90625,0.921875,0.9375,0.953125,0.96875,0.984375,1]}}