{"_step":8,"total_reward_agent_1":3344,"agent_1_action_0":3332,"agent_0_action_0":3257,"avg_reward_agent_0":-0.3344,"_wandb":{"runtime":18},"agent_1_action_2":3332,"_timestamp":1.747850159934279e+09,"agent_0_action_1":3251,"total_reward_agent_0":-3344,"agent_0_action_2":3492,"reward_plot":{"size":28035,"path":"media/images/reward_plot_8_69fb8361bdc9f5cc6995.png","format":"png","width":640,"height":480,"_type":"image-file","sha256":"69fb8361bdc9f5cc6995923a32dbe5736ae7b87b278e67c4c9a8915dfd22d12e"},"avg_reward_agent_1":0.3344,"agent_1_action_1":3336,"_runtime":18.3908669}