{"agent_1/final_policy":{"bins":[0.3293333333333534,0.3294739583333534,0.3296145833333534,0.32975520833335337,0.32989583333335337,0.3300364583333534,0.3301770833333534,0.33031770833335333,0.33045833333335334,0.33059895833335334,0.33073958333335335,0.33088020833335335,0.3310208333333533,0.3311614583333533,0.3313020833333533,0.3314427083333533,0.3315833333333533,0.3317239583333533,0.3318645833333533,0.3320052083333533,0.3321458333333533,0.33228645833335324,0.33242708333335325,0.33256770833335325,0.33270833333335326,0.33284895833335326,0.3329895833333532,0.3331302083333532,0.3332708333333532,0.33341145833335323,0.3335520833333532,0.3336927083333532,0.3338333333333532,0.3339739583333532,0.3341145833333532,0.33425520833335315,0.33439583333335315,0.33453645833335316,0.33467708333335316,0.3348177083333531,0.3349583333333531,0.3350989583333531,0.33523958333335313,0.33538020833335314,0.3355208333333531,0.3356614583333531,0.3358020833333531,0.3359427083333531,0.33608333333335305,0.33622395833335306,0.33636458333335306,0.33650520833335307,0.3366458333333531,0.336786458333353,0.33692708333335303,0.33706770833335303,0.33720833333335304,0.33734895833335304,0.337489583333353,0.337630208333353,0.337770833333353,0.337911458333353,0.33805208333335296,0.33819270833335296,0.33833333333335297],"_type":"histogram","values":[1,0,0,0,0,0,0,0,0,0,0,0,0,0,0,0,0,0,0,0,1,0,0,0,0,0,0,0,0,0,0,0,0,0,0,0,0,0,0,0,0,0,0,0,0,0,0,0,0,0,0,0,0,0,0,0,0,0,0,0,0,0,0,1]},"game":"RPS","_step":10003,"RegretMatching/reward":0,"agent_1/action_taken":2,"RegretMatching/action_distribution_final":{"bins":[0,0.03125,0.0625,0.09375,0.125,0.15625,0.1875,0.21875,0.25,0.28125,0.3125,0.34375,0.375,0.40625,0.4375,0.46875,0.5,0.53125,0.5625,0.59375,0.625,0.65625,0.6875,0.71875,0.75,0.78125,0.8125,0.84375,0.875,0.90625,0.9375,0.96875,1,1.03125,1.0625,1.09375,1.125,1.15625,1.1875,1.21875,1.25,1.28125,1.3125,1.34375,1.375,1.40625,1.4375,1.46875,1.5,1.53125,1.5625,1.59375,1.625,1.65625,1.6875,1.71875,1.75,1.78125,1.8125,1.84375,1.875,1.90625,1.9375,1.96875,2],"_type":"histogram","values":[3329,0,0,0,0,0,0,0,0,0,0,0,0,0,0,0,0,0,0,0,0,0,0,0,0,0,0,0,0,0,0,0,3337,0,0,0,0,0,0,0,0,0,0,0,0,0,0,0,0,0,0,0,0,0,0,0,0,0,0,0,0,0,0,3334]},"agent_1/reward":0,"RegretMatching/avg_reward":0.3319,"_timestamp":1.7478534008431175e+09,"agent_1/avg_reward":0.3319,"FictitiousPlay/final_policy":{"bins":[0.31949296336959776,0.31984074009382174,0.3201885168180457,0.3205362935422697,0.3208840702664937,0.3212318469907176,0.3215796237149416,0.32192740043916557,0.32227517716338955,0.32262295388761353,0.3229707306118375,0.3233185073360615,0.32366628406028547,0.32401406078450945,0.3243618375087334,0.32470961423295736,0.32505739095718134,0.3254051676814053,0.3257529444056293,0.3261007211298533,0.32644849785407726,0.32679627457830124,0.3271440513025252,0.32749182802674914,0.3278396047509731,0.3281873814751971,0.3285351581994211,0.32888293492364506,0.32923071164786905,0.329578488372093,0.329926265096317,0.330274041820541,0.3306218185447649,0.3309695952689889,0.3313173719932129,0.33166514871743685,0.33201292544166083,0.3323607021658848,0.3327084788901088,0.3330562556143328,0.33340403233855676,0.3337518090627807,0.33409958578700466,0.33444736251122864,0.3347951392354526,0.3351429159596766,0.3354906926839006,0.33583846940812456,0.33618624613234854,0.3365340228565725,0.33688179958079645,0.33722957630502043,0.3375773530292444,0.3379251297534684,0.33827290647769237,0.33862068320191635,0.33896845992614033,0.3393162366503643,0.3396640133745883,0.34001179009881227,0.3403595668230362,0.3407073435472602,0.34105512027148416,0.34140289699570814,0.3417506737199321],"_type":"histogram","values":[1,0,0,0,0,0,0,0,0,0,0,0,0,0,0,0,0,0,0,0,0,0,0,0,0,0,0,0,0,0,0,0,0,0,0,0,0,0,0,0,0,0,0,0,0,0,0,0,0,0,0,0,0,0,0,1,0,0,0,0,0,0,0,1]},"RegretMatching/final_policy":{"bins":[0.3293333333333534,0.3294739583333534,0.3296145833333534,0.32975520833335337,0.32989583333335337,0.3300364583333534,0.3301770833333534,0.33031770833335333,0.33045833333335334,0.33059895833335334,0.33073958333335335,0.33088020833335335,0.3310208333333533,0.3311614583333533,0.3313020833333533,0.3314427083333533,0.3315833333333533,0.3317239583333533,0.3318645833333533,0.3320052083333533,0.3321458333333533,0.33228645833335324,0.33242708333335325,0.33256770833335325,0.33270833333335326,0.33284895833335326,0.3329895833333532,0.3331302083333532,0.3332708333333532,0.33341145833335323,0.3335520833333532,0.3336927083333532,0.3338333333333532,0.3339739583333532,0.3341145833333532,0.33425520833335315,0.33439583333335315,0.33453645833335316,0.33467708333335316,0.3348177083333531,0.3349583333333531,0.3350989583333531,0.33523958333335313,0.33538020833335314,0.3355208333333531,0.3356614583333531,0.3358020833333531,0.3359427083333531,0.33608333333335305,0.33622395833335306,0.33636458333335306,0.33650520833335307,0.3366458333333531,0.336786458333353,0.33692708333335303,0.33706770833335303,0.33720833333335304,0.33734895833335304,0.337489583333353,0.337630208333353,0.337770833333353,0.337911458333353,0.33805208333335296,0.33819270833335296,0.33833333333335297],"_type":"histogram","values":[1,0,0,0,0,0,0,0,0,0,0,0,0,0,0,0,0,0,0,0,1,0,0,0,0,0,0,0,0,0,0,0,0,0,0,0,0,0,0,0,0,0,0,0,0,0,0,0,0,0,0,0,0,0,0,0,0,0,0,0,0,0,0,1]},"FictitiousPlay/avg_reward":-0.3319,"_runtime":21.2999687,"RegretMatching/action_taken":2,"agent_0/action_taken":2,"agent_0/action_distribution_final":{"_type":"histogram","values":[3384,0,0,0,0,0,0,0,0,0,0,0,0,0,0,0,0,0,0,0,0,0,0,0,0,0,0,0,0,0,0,0,3198,0,0,0,0,0,0,0,0,0,0,0,0,0,0,0,0,0,0,0,0,0,0,0,0,0,0,0,0,0,0,3418],"bins":[0,0.03125,0.0625,0.09375,0.125,0.15625,0.1875,0.21875,0.25,0.28125,0.3125,0.34375,0.375,0.40625,0.4375,0.46875,0.5,0.53125,0.5625,0.59375,0.625,0.65625,0.6875,0.71875,0.75,0.78125,0.8125,0.84375,0.875,0.90625,0.9375,0.96875,1,1.03125,1.0625,1.09375,1.125,1.15625,1.1875,1.21875,1.25,1.28125,1.3125,1.34375,1.375,1.40625,1.4375,1.46875,1.5,1.53125,1.5625,1.59375,1.625,1.65625,1.6875,1.71875,1.75,1.78125,1.8125,1.84375,1.875,1.90625,1.9375,1.96875,2]},"FictitiousPlay/action_taken":2,"_wandb":{"runtime":21},"agent_1_type":"RegretMatching","FictitiousPlay/reward":0,"agent_0_type":"FictitiousPlay","episode":9999,"agent_0/reward":0,"agent_1/action_distribution_final":{"_type":"histogram","values":[3329,0,0,0,0,0,0,0,0,0,0,0,0,0,0,0,0,0,0,0,0,0,0,0,0,0,0,0,0,0,0,0,3337,0,0,0,0,0,0,0,0,0,0,0,0,0,0,0,0,0,0,0,0,0,0,0,0,0,0,0,0,0,0,3334],"bins":[0,0.03125,0.0625,0.09375,0.125,0.15625,0.1875,0.21875,0.25,0.28125,0.3125,0.34375,0.375,0.40625,0.4375,0.46875,0.5,0.53125,0.5625,0.59375,0.625,0.65625,0.6875,0.71875,0.75,0.78125,0.8125,0.84375,0.875,0.90625,0.9375,0.96875,1,1.03125,1.0625,1.09375,1.125,1.15625,1.1875,1.21875,1.25,1.28125,1.3125,1.34375,1.375,1.40625,1.4375,1.46875,1.5,1.53125,1.5625,1.59375,1.625,1.65625,1.6875,1.71875,1.75,1.78125,1.8125,1.84375,1.875,1.90625,1.9375,1.96875,2]},"FictitiousPlay/action_distribution_final":{"_type":"histogram","values":[3384,0,0,0,0,0,0,0,0,0,0,0,0,0,0,0,0,0,0,0,0,0,0,0,0,0,0,0,0,0,0,0,3198,0,0,0,0,0,0,0,0,0,0,0,0,0,0,0,0,0,0,0,0,0,0,0,0,0,0,0,0,0,0,3418],"bins":[0,0.03125,0.0625,0.09375,0.125,0.15625,0.1875,0.21875,0.25,0.28125,0.3125,0.34375,0.375,0.40625,0.4375,0.46875,0.5,0.53125,0.5625,0.59375,0.625,0.65625,0.6875,0.71875,0.75,0.78125,0.8125,0.84375,0.875,0.90625,0.9375,0.96875,1,1.03125,1.0625,1.09375,1.125,1.15625,1.1875,1.21875,1.25,1.28125,1.3125,1.34375,1.375,1.40625,1.4375,1.46875,1.5,1.53125,1.5625,1.59375,1.625,1.65625,1.6875,1.71875,1.75,1.78125,1.8125,1.84375,1.875,1.90625,1.9375,1.96875,2]},"agent_0/avg_reward":-0.3319,