{"_step":100002,"agent_0/action_taken":1,"agent_0/avg_reward":0.00044,"_timestamp":1.7478520849447267e+09,"agent_0/action_distribution_final":{"bins":[0,0.015625,0.03125,0.046875,0.0625,0.078125,0.09375,0.109375,0.125,0.140625,0.15625,0.171875,0.1875,0.203125,0.21875,0.234375,0.25,0.265625,0.28125,0.296875,0.3125,0.328125,0.34375,0.359375,0.375,0.390625,0.40625,0.421875,0.4375,0.453125,0.46875,0.484375,0.5,0.515625,0.53125,0.546875,0.5625,0.578125,0.59375,0.609375,0.625,0.640625,0.65625,0.671875,0.6875,0.703125,0.71875,0.734375,0.75,0.765625,0.78125,0.796875,0.8125,0.828125,0.84375,0.859375,0.875,0.890625,0.90625,0.921875,0.9375,0.953125,0.96875,0.984375,1],"_type":"histogram","values":[25879,0,0,0,0,0,0,0,0,0,0,0,0,0,0,0,0,0,0,0,0,0,0,0,0,0,0,0,0,0,0,0,0,0,0,0,0,0,0,0,0,0,0,0,0,0,0,0,0,0,0,0,0,0,0,0,0,0,0,0,0,0,0,74121]},"agent_0/final_policy":{"values":[1,0,0,0,0,0,0,0,0,0,0,0,0,0,0,0,0,0,0,0,0,0,0,0,0,0,0,0,0,0,0,0,0,0,0,0,0,0,0,0,0,0,0,0,0,0,0,0,0,0,0,0,0,0,0,0,0,0,0,0,0,0,0,1],"bins":[0.2588408202441536,0.26637704461152384,0.273913268978894,0.28144949334626423,0.2889857177136344,0.29652194208100463,0.3040581664483748,0.311594390815745,0.3191306151831152,0.3266668395504854,0.3342030639178556,0.3417392882852258,0.34927551265259604,0.3568117370199662,0.36434796138733644,0.3718841857547066,0.37942041012207683,0.38695663448944706,0.39449285885681723,0.4020290832241874,0.4095653075915576,0.41710153195892785,0.424637756326298,0.4321739806936682,0.4397102050610384,0.44724642942840864,0.4547826537957788,0.46231887816314904,0.4698551025305192,0.47739132689788943,0.48492755126525966,0.49246377563262983,0.5,0.5075362243673702,0.5150724487347405,0.5226086731021107,0.5301448974694809,0.537681121836851,0.5452173462042212,0.5527535705715914,0.5602897949389616,0.5678260193063318,0.575362243673702,0.5828984680410723,0.5904346924084425,0.5979709167758127,0.6055071411431828,0.613043365510553,0.6205795898779232,0.6281158142452934,0.6356520386126636,0.6431882629800338,0.6507244873474041,0.6582607117147743,0.6657969360821445,0.6733331604495146,0.6808693848168849,0.688405609184255,0.6959418335516252,0.7034780579189954,0.7110142822863657,0.7185505066537359,0.7260867310211061,0.7336229553884762,0.7411591797558464],"_type":"histogram"},"_wandb":{"runtime":121},"agent_1/avg_reward":-0.00044,"agent_1/reward":1,"_runtime":121.5710492,"agent_1/action_taken":0,"agent_1/action_distribution_final":{"bins":[0,0.015625,0.03125,0.046875,0.0625,0.078125,0.09375,0.109375,0.125,0.140625,0.15625,0.171875,0.1875,0.203125,0.21875,0.234375,0.25,0.265625,0.28125,0.296875,0.3125,0.328125,0.34375,0.359375,0.375,0.390625,0.40625,0.421875,0.4375,0.453125,0.46875,0.484375,0.5,0.515625,0.53125,0.546875,0.5625,0.578125,0.59375,0.609375,0.625,0.640625,0.65625,0.671875,0.6875,0.703125,0.71875,0.734375,0.75,0.765625,0.78125,0.796875,0.8125,0.828125,0.84375,0.859375,0.875,0.890625,0.90625,0.921875,0.9375,0.953125,0.96875,0.984375,1],"_type":"histogram","values":[49811,0,0,0,0,0,0,0,0,0,0,0,0,0,0,0,0,0,0,0,0,0,0,0,0,0,0,0,0,0,0,0,0,0,0,0,0,0,0,0,0,0,0,0,0,0,0,0,0,0,0,0,0,0,0,0,0,0,0,0,0,0,0,50189]},"agent_0/reward":-1}