{"agent_1_type":"RandomAgent","agent_1/reward":-1,"agent_1/action_distribution_final":{"values":[3321,0,0,0,0,0,0,0,0,0,0,0,0,0,0,0,0,0,0,0,0,0,0,0,0,0,0,0,0,0,0,0,3270,0,0,0,0,0,0,0,0,0,0,0,0,0,0,0,0,0,0,0,0,0,0,0,0,0,0,0,0,0,0,3409],"bins":[0,0.03125,0.0625,0.09375,0.125,0.15625,0.1875,0.21875,0.25,0.28125,0.3125,0.34375,0.375,0.40625,0.4375,0.46875,0.5,0.53125,0.5625,0.59375,0.625,0.65625,0.6875,0.71875,0.75,0.78125,0.8125,0.84375,0.875,0.90625,0.9375,0.96875,1,1.03125,1.0625,1.09375,1.125,1.15625,1.1875,1.21875,1.25,1.28125,1.3125,1.34375,1.375,1.40625,1.4375,1.46875,1.5,1.53125,1.5625,1.59375,1.625,1.65625,1.6875,1.71875,1.75,1.78125,1.8125,1.84375,1.875,1.90625,1.9375,1.96875,2],"_type":"histogram"},"agent_0/action_taken":0,"agent_1/action_taken":2,"FictitiousPlay/action_distribution_final":{"_type":"histogram","values":[8970,0,0,0,0,0,0,0,0,0,0,0,0,0,0,0,0,0,0,0,0,0,0,0,0,0,0,0,0,0,0,0,0,0,0,0,0,0,0,0,0,0,0,0,0,0,0,0,0,0,0,0,0,0,0,0,0,0,0,0,0,0,0,1030],"bins":[0,0.015625,0.03125,0.046875,0.0625,0.078125,0.09375,0.109375,0.125,0.140625,0.15625,0.171875,0.1875,0.203125,0.21875,0.234375,0.25,0.265625,0.28125,0.296875,0.3125,0.328125,0.34375,0.359375,0.375,0.390625,0.40625,0.421875,0.4375,0.453125,0.46875,0.484375,0.5,0.515625,0.53125,0.546875,0.5625,0.578125,0.59375,0.609375,0.625,0.640625,0.65625,0.671875,0.6875,0.703125,0.71875,0.734375,0.75,0.765625,0.78125,0.796875,0.8125,0.828125,0.84375,0.859375,0.875,0.890625,0.90625,0.921875,0.9375,0.953125,0.96875,0.984375,1]},"RandomAgent/final_policy":{"_type":"histogram","values":[0,0,0,0,0,0,0,0,0,0,0,0,0,0,0,0,0,0,0,0,0,0,0,0,0,0,0,0,0,0,0,0,3,0,0,0,0,0,0,0,0,0,0,0,0,0,0,0,0,0,0,0,0,0,0,0,0,0,0,0,0,0,0,0],"bins":[-0.16666666666666669,-0.15104166666666669,-0.13541666666666669,-0.11979166666666669,-0.10416666666666669,-0.08854166666666669,-0.07291666666666669,-0.057291666666666685,-0.041666666666666685,-0.026041666666666685,-0.010416666666666685,0.005208333333333315,0.020833333333333315,0.036458333333333315,0.052083333333333315,0.06770833333333331,0.08333333333333331,0.09895833333333331,0.11458333333333331,0.13020833333333331,0.14583333333333331,0.16145833333333331,0.17708333333333331,0.19270833333333331,0.20833333333333331,0.22395833333333331,0.23958333333333331,0.2552083333333333,0.2708333333333333,0.2864583333333333,0.3020833333333333,0.3177083333333333,0.3333333333333333,0.3489583333333333,0.3645833333333333,0.3802083333333333,0.3958333333333333,0.4114583333333333,0.4270833333333333,0.4427083333333333,0.4583333333333333,0.4739583333333333,0.4895833333333333,0.5052083333333333,0.5208333333333333,0.5364583333333333,0.5520833333333333,0.5677083333333333,0.5833333333333333,0.5989583333333333,0.6145833333333333,0.6302083333333333,0.6458333333333333,0.6614583333333333,0.6770833333333333,0.6927083333333333,0.7083333333333333,0.7239583333333333,0.7395833333333333,0.7552083333333333,0.7708333333333333,0.7864583333333333,0.8020833333333333,0.8177083333333333,0.8333333333333333]},"FictitiousPlay/avg_reward":0.0131,"agent_0/action_distribution_final":{"_type":"histogram","values":[8970,0,0,0,0,0,0,0,0,0,0,0,0,0,0,0,0,0,0,0,0,0,0,0,0,0,0,0,0,0,0,0,0,0,0,0,0,0,0,0,0,0,0,0,0,0,0,0,0,0,0,0,0,0,0,0,0,0,0,0,0,0,0,1030],"bins":[0,0.015625,0.03125,0.046875,0.0625,0.078125,0.09375,0.109375,0.125,0.140625,0.15625,0.171875,0.1875,0.203125,0.21875,0.234375,0.25,0.265625,0.28125,0.296875,0.3125,0.328125,0.34375,0.359375,0.375,0.390625,0.40625,0.421875,0.4375,0.453125,0.46875,0.484375,0.5,0.515625,0.53125,0.546875,0.5625,0.578125,0.59375,0.609375,0.625,0.640625,0.65625,0.671875,0.6875,0.703125,0.71875,0.734375,0.75,0.765625,0.78125,0.796875,0.8125,0.828125,0.84375,0.859375,0.875,0.890625,0.90625,0.921875,0.9375,0.953125,0.96875,0.984375,1]},"FictitiousPlay/reward":1,"game":"RPS","agent_0/final_policy":{"_type":"histogram","values":[1,0,0,0,0,0,0,1,0,0,0,0,0,0,0,0,0,0,0,0,0,0,0,0,0,0,0,0,0,0,0,0,0,0,0,0,0,0,0,0,0,0,0,0,0,0,0,0,0,0,0,0,0,0,0,0,0,0,0,0,0,0,0,1],"bins":[0.0008984725965858042,0.014884072077468304,0.028869671558350803,0.042855271039233304,0.056840870520115806,0.0708264700009983,0.0848120694818808,0.0987976689627633,0.1127832684436458,0.1267688679245283,0.14075446740541078,0.1547400668862933,0.1687256663671758,0.1827112658480583,0.1966968653289408,0.2106824648098233,0.2246680642907058,0.23865366377158828,0.2526392632524708,0.26662486273335334,0.2806104622142358,0.2945960616951183,0.30858166117600083,0.32256726065688335,0.3365528601377658,0.3505384596186483,0.36452405909953084,0.3785096585804133,0.3924952580612958,0.40648085754217833,0.42046645702306085,0.4344520565039433,0.4484376559848258,0.46242325546570834,0.4764088549465908,0.4903944544274733,0.5043800539083558,0.5183656533892383,0.5323512528701209,0.5463368523510034,0.5603224518318858,0.5743080513127683,0.5882936507936508,0.6022792502745333,0.6162648497554158,0.6302504492362984,0.6442360487171809,0.6582216481980633,0.6722072476789458,0.6861928471598283,0.7001784466407108,0.7141640461215933,0.7281496456024759,0.7421352450833584,0.7561208445642408,0.7701064440451233,0.7840920435260058,0.7980776430068883,0.8120632424877708,0.8260488419686534,0.8400344414495359,0.8540200409304183,0.8680056404113008,0.8819912398921833,0.8959768393730658]},"agent_0/reward":1,"FictitiousPlay/final_policy":{"bins":[0.0008984725965858042,0.014884072077468304,0.028869671558350803,0.042855271039233304,0.056840870520115806,0.0708264700009983,0.0848120694818808,0.0987976689627633,0.1127832684436458,0.1267688679245283,0.14075446740541078,0.1547400668862933,0.1687256663671758,0.1827112658480583,0.1966968653289408,0.2106824648098233,0.2246680642907058,0.23865366377158828,0.2526392632524708,0.26662486273335334,0.2806104622142358,0.2945960616951183,0.30858166117600083,0.32256726065688335,0.3365528601377658,0.3505384596186483,0.36452405909953084,0.3785096585804133,0.3924952580612958,0.40648085754217833,0.42046645702306085,0.4344520565039433,0.4484376559848258,0.46242325546570834,0.4764088549465908,0.4903944544274733,0.5043800539083558,0.5183656533892383,0.5323512528701209,0.5463368523510034,0.5603224518318858,0.5743080513127683,0.5882936507936508,0.6022792502745333,0.6162648497554158,0.6302504492362984,0.6442360487171809,0.6582216481980633,0.6722072476789458,0.6861928471598283,0.7001784466407108,0.7141640461215933,0.7281496456024759,0.7421352450833584,0.7561208445642408,0.7701064440451233,0.7840920435260058,0.7980776430068883,0.8120632424877708,0.8260488419686534,0.8400344414495359,0.8540200409304183,0.8680056404113008,0.8819912398921833,0.8959768393730658],"_type":"histogram","values":[1,0,0,0,0,0,0,1,0,0,0,0,0,0,0,0,0,0,0,0,0,0,0,0,0,0,0,0,0,0,0,0,0,0,0,0,0,0,0,0,0,0,0,0,0,0,0,0,0,0,0,0,0,0,0,0,0,0,0,0,0,0,0,1]},"RandomAgent/avg_reward":-0.0131,"_step":10004,"_wandb":{"runtime":14},"RandomAgent/action_taken":2,"FictitiousPlay/action_taken":0,"episode":9999,"RandomAgent/reward":-1,"RandomAgent/action_distribution_final":{"values":[3321,0,0,0,0,0,0,0,0,0,0,0,0,0,0,0,0,0,0,0,0,0,0,0,0,0,0,0,0,0,0,0,3270,0,0,0,0,0,0,0,0,0,0,0,0,0,0,0,0,0,0,0,0,0,0,0,0,0,0,0,0,0,0,3409],"bins":[0,0.03125,0.0625,0.09375,0.125,0.15625,0.1875,0.21875,0.25,0.28125,0.3125,0.34375,0.375,0.40625,0.4375,0.46875,0.5,0.53125,0.5625,0.59375,0.625,0.65625,0.6875,0.71875,0.75,0.78125,0.8125,0.84375,0.875,0.90625,0.9375,0.96875,1,1.03125,1.0625,1.09375,1.125,1.15625,1.1875,1.21875,1.25,1.28125,1.3125,1.34375,1.375,1.40625,1.4375,1.46875,1.5,1.53125,1.5625,1.59375,1.625,1.65625,1.6875,1.71875,1.75,1.78125,1.8125,1.84375,1.875,1.90625,1.9375,1.96875,2],"_type":"histogram"},"_timestamp":1.747854439049098e+09,"agent_1/final_policy":{"values":[0,0,0,0,0,0,0,0,0,0,0,0,0,0,0,0,0,0,0,0,0,0,0,0,0,0,0,0,0,0,0,0,3,0,0,0,0,0,0,0,0,0,0,0,0,0,0,0,0,0,0,0,0,0,0,0,0,0,0,0,0,0,0,0],