{"agent_0_action_0":2175,"agent_1_action_0":3326,"avg_reward_agent_0":-0.0087,"agent_0_action_2":6145,"_runtime":11.1129332,"_step":8,"_wandb":{"runtime":11},"reward_plot":{"size":28691,"path":"media/images/reward_plot_8_8e9e22c7c040816c9a48.png","format":"png","width":640,"height":480,"_type":"image-file","sha256":"8e9e22c7c040816c9a4853dcfe0e0540f4cea7a72a788466c7331deecb075af2"},"agent_0_action_1":1680,"avg_reward_agent_1":0.0087,"_timestamp":1.747850088830073e+09,"agent_1_action_2":3291,"total_reward_agent_0":-87,"agent_1_action_1":3383,"total_reward_agent_1":87}