{"agent_0/action_taken":0,"_runtime":49.1809853,"_timestamp":1.7478523419674332e+09,"agent_1/action_taken":0,"agent_0/final_policy":{"_type":"histogram","values":[1,0,0,0,0,0,0,0,0,0,0,0,0,0,0,0,0,0,0,0,0,0,0,0,0,0,0,0,0,0,0,0,0,0,0,0,0,0,0,0,0,0,0,0,0,0,0,0,0,0,0,0,0,0,0,0,0,0,0,0,0,0,0,1],"bins":[0.494107071514183,0.4942912255293648,0.49447537954454657,0.4946595335597283,0.4948436875749101,0.4950278415900919,0.4952119956052737,0.4953961496204555,0.4955803036356372,0.495764457650819,0.4959486116660008,0.4961327656811826,0.4963169196963644,0.49650107371154617,0.4966852277267279,0.4968693817419097,0.4970535357570915,0.4972376897722733,0.4974218437874551,0.4976059978026368,0.4977901518178186,0.4979743058330004,0.4981584598481822,0.498342613863364,0.4985267678785458,0.4987109218937275,0.4988950759089093,0.4990792299240911,0.4992633839392729,0.4994475379544547,0.4996316919696364,0.4998158459848182,0.5,0.5001841540151818,0.5003683080303636,0.5005524620455454,0.5007366160607272,0.500920770075909,0.5011049240910906,0.5012890781062724,0.5014732321214542,0.501657386136636,0.5018415401518178,0.5020256941669996,0.5022098481821814,0.5023940021973632,0.502578156212545,0.5027623102277268,0.5029464642429085,0.5031306182580902,0.503314772273272,0.5034989262884538,0.5036830803036356,0.5038672343188174,0.5040513883339992,0.504235542349181,0.5044196963643628,0.5046038503795446,0.5047880043947264,0.5049721584099081,0.5051563124250898,0.5053404664402716,0.5055246204554534,0.5057087744706352,0.505892928485817]},"agent_0/avg_reward":-0.3314,"_step":10003,"_wandb":{"runtime":49},"agent_0/reward":1,"agent_0/action_distribution_final":{"values":[4939,0,0,0,0,0,0,0,0,0,0,0,0,0,0,0,0,0,0,0,0,0,0,0,0,0,0,0,0,0,0,0,0,0,0,0,0,0,0,0,0,0,0,0,0,0,0,0,0,0,0,0,0,0,0,0,0,0,0,0,0,0,0,5061],"bins":[0,0.015625,0.03125,0.046875,0.0625,0.078125,0.09375,0.109375,0.125,0.140625,0.15625,0.171875,0.1875,0.203125,0.21875,0.234375,0.25,0.265625,0.28125,0.296875,0.3125,0.328125,0.34375,0.359375,0.375,0.390625,0.40625,0.421875,0.4375,0.453125,0.46875,0.484375,0.5,0.515625,0.53125,0.546875,0.5625,0.578125,0.59375,0.609375,0.625,0.640625,0.65625,0.671875,0.6875,0.703125,0.71875,0.734375,0.75,0.765625,0.78125,0.796875,0.8125,0.828125,0.84375,0.859375,0.875,0.890625,0.90625,0.921875,0.9375,0.953125,0.96875,0.984375,1],"_type":"histogram"},"agent_0_type":"FictitiousPlay","episode":9999,"agent_1/action_distribution_final":{"values":[5000,0,0,0,0,0,0,0,0,0,0,0,0,0,0,0,0,0,0,0,0,0,0,0,0,0,0,0,0,0,0,0,0,0,0,0,0,0,0,0,0,0,0,0,0,0,0,0,0,0,0,0,0,0,0,0,0,0,0,0,0,0,0,5000],"bins":[0,0.015625,0.03125,0.046875,0.0625,0.078125,0.09375,0.109375,0.125,0.140625,0.15625,0.171875,0.1875,0.203125,0.21875,0.234375,0.25,0.265625,0.28125,0.296875,0.3125,0.328125,0.34375,0.359375,0.375,0.390625,0.40625,0.421875,0.4375,0.453125,0.46875,0.484375,0.5,0.515625,0.53125,0.546875,0.5625,0.578125,0.59375,0.609375,0.625,0.640625,0.65625,0.671875,0.6875,0.703125,0.71875,0.734375,0.75,0.765625,0.78125,0.796875,0.8125,0.828125,0.84375,0.859375,0.875,0.890625,0.90625,0.921875,0.9375,0.953125,0.96875,0.984375,1],"_type":"histogram"},"agent_1/avg_reward":0.3314,"agent_1/reward":-1,"agent_1/final_policy":{"_type":"histogram","values":[1,0,0,0,0,0,0,0,0,0,0,0,0,0,0,0,0,0,0,0,0,0,0,0,0,0,0,0,0,0,0,0,0,0,0,0,0,0,0,0,0,0,0,0,0,0,0,0,0,0,0,0,0,0,0,0,0,0,0,0,0,0,0,1],"bins":[0.49685,0.496946875,0.49704375,0.497140625,0.4972375,0.497334375,0.49743125,0.497528125,0.497625,0.49772187500000004,0.49781875000000003,0.49791562500000003,0.4980125,0.498109375,0.49820625,0.498303125,0.4984,0.498496875,0.49859375,0.498690625,0.4987875,0.498884375,0.49898125,0.499078125,0.49917500000000004,0.49927187500000003,0.49936875000000003,0.499465625,0.4995625,0.499659375,0.49975625,0.499853125,0.49995,0.500046875,0.50014375,0.500240625,0.5003375,0.500434375,0.50053125,0.500628125,0.500725,0.500821875,0.50091875,0.501015625,0.5011125,0.501209375,0.50130625,0.501403125,0.5015000000000001,0.501596875,0.50169375,0.501790625,0.5018875,0.501984375,0.50208125,0.502178125,0.502275,0.502371875,0.50246875,0.502565625,0.5026625,0.502759375,0.50285625,0.502953125,0.50305]},"game":"MP","agent_1_type":"RegretMatching"}