{"agent_0/avg_reward":-0.0003,"RandomAgent/final_policy":{"_type":"histogram","values":[0,0,0,0,0,0,0,0,0,0,0,0,0,0,0,0,0,0,0,0,0,0,0,0,0,0,0,0,0,0,0,0,3,0,0,0,0,0,0,0,0,0,0,0,0,0,0,0,0,0,0,0,0,0,0,0,0,0,0,0,0,0,0,0],"bins":[-0.16666666666666669,-0.15104166666666669,-0.13541666666666669,-0.11979166666666669,-0.10416666666666669,-0.08854166666666669,-0.07291666666666669,-0.057291666666666685,-0.041666666666666685,-0.026041666666666685,-0.010416666666666685,0.005208333333333315,0.020833333333333315,0.036458333333333315,0.052083333333333315,0.06770833333333331,0.08333333333333331,0.09895833333333331,0.11458333333333331,0.13020833333333331,0.14583333333333331,0.16145833333333331,0.17708333333333331,0.19270833333333331,0.20833333333333331,0.22395833333333331,0.23958333333333331,0.2552083333333333,0.2708333333333333,0.2864583333333333,0.3020833333333333,0.3177083333333333,0.3333333333333333,0.3489583333333333,0.3645833333333333,0.3802083333333333,0.3958333333333333,0.4114583333333333,0.4270833333333333,0.4427083333333333,0.4583333333333333,0.4739583333333333,0.4895833333333333,0.5052083333333333,0.5208333333333333,0.5364583333333333,0.5520833333333333,0.5677083333333333,0.5833333333333333,0.5989583333333333,0.6145833333333333,0.6302083333333333,0.6458333333333333,0.6614583333333333,0.6770833333333333,0.6927083333333333,0.7083333333333333,0.7239583333333333,0.7395833333333333,0.7552083333333333,0.7708333333333333,0.7864583333333333,0.8020833333333333,0.8177083333333333,0.8333333333333333]},"RandomAgent/action_distribution_final":{"values":[3289,0,0,0,0,0,0,0,0,0,0,0,0,0,0,0,0,0,0,0,0,0,0,0,0,0,0,0,0,0,0,0,3374,0,0,0,0,0,0,0,0,0,0,0,0,0,0,0,0,0,0,0,0,0,0,0,0,0,0,0,0,0,0,3337],"bins":[0,0.03125,0.0625,0.09375,0.125,0.15625,0.1875,0.21875,0.25,0.28125,0.3125,0.34375,0.375,0.40625,0.4375,0.46875,0.5,0.53125,0.5625,0.59375,0.625,0.65625,0.6875,0.71875,0.75,0.78125,0.8125,0.84375,0.875,0.90625,0.9375,0.96875,1,1.03125,1.0625,1.09375,1.125,1.15625,1.1875,1.21875,1.25,1.28125,1.3125,1.34375,1.375,1.40625,1.4375,1.46875,1.5,1.53125,1.5625,1.59375,1.625,1.65625,1.6875,1.71875,1.75,1.78125,1.8125,1.84375,1.875,1.90625,1.9375,1.96875,2],"_type":"histogram"},"agent_0/final_policy":{"_type":"histogram","values":[1,0,0,0,0,0,0,0,0,0,0,0,0,0,0,0,0,0,0,0,0,0,0,0,0,0,0,0,0,0,0,0,0,0,1,0,0,0,0,0,0,0,0,0,0,0,0,0,0,0,0,0,0,0,0,0,0,0,0,0,0,0,0,1],"bins":[0.33210000000001316,0.3321364583333465,0.3321729166666798,0.33220937500001313,0.33224583333334645,0.3322822916666798,0.3323187500000131,0.3323552083333464,0.33239166666667974,0.332428125000013,0.33246458333334633,0.33250104166667965,0.332537500000013,0.3325739583333463,0.3326104166666796,0.33264687500001294,0.33268333333334627,0.3327197916666796,0.3327562500000129,0.33279270833334623,0.33282916666667955,0.3328656250000129,0.3329020833333462,0.3329385416666795,0.3329750000000128,0.3330114583333461,0.33304791666667943,0.33308437500001276,0.3331208333333461,0.3331572916666794,0.3331937500000127,0.33323020833334605,0.33326666666667937,0.3333031250000127,0.333339583333346,0.33337604166667933,0.33341250000001266,0.333448958333346,0.3334854166666793,0.3335218750000126,0.33355833333334595,0.3335947916666792,0.33363125000001254,0.33366770833334586,0.3337041666666792,0.3337406250000125,0.3337770833333458,0.33381354166667915,0.33385000000001247,0.3338864583333458,0.3339229166666791,0.33395937500001244,0.33399583333334576,0.3340322916666791,0.3340687500000124,0.3341052083333457,0.334141666666679,0.3341781250000123,0.33421458333334564,0.33425104166667896,0.3342875000000123,0.3343239583333456,0.33436041666667893,0.33439687500001225,0.3344333333333456]},"agent_0/action_distribution_final":{"values":[3371,0,0,0,0,0,0,0,0,0,0,0,0,0,0,0,0,0,0,0,0,0,0,0,0,0,0,0,0,0,0,0,3324,0,0,0,0,0,0,0,0,0,0,0,0,0,0,0,0,0,0,0,0,0,0,0,0,0,0,0,0,0,0,3305],"bins":[0,0.03125,0.0625,0.09375,0.125,0.15625,0.1875,0.21875,0.25,0.28125,0.3125,0.34375,0.375,0.40625,0.4375,0.46875,0.5,0.53125,0.5625,0.59375,0.625,0.65625,0.6875,0.71875,0.75,0.78125,0.8125,0.84375,0.875,0.90625,0.9375,0.96875,1,1.03125,1.0625,1.09375,1.125,1.15625,1.1875,1.21875,1.25,1.28125,1.3125,1.34375,1.375,1.40625,1.4375,1.46875,1.5,1.53125,1.5625,1.59375,1.625,1.65625,1.6875,1.71875,1.75,1.78125,1.8125,1.84375,1.875,1.90625,1.9375,1.96875,2],"_type":"histogram"},"agent_1/action_distribution_final":{"_type":"histogram","values":[3289,0,0,0,0,0,0,0,0,0,0,0,0,0,0,0,0,0,0,0,0,0,0,0,0,0,0,0,0,0,0,0,3374,0,0,0,0,0,0,0,0,0,0,0,0,0,0,0,0,0,0,0,0,0,0,0,0,0,0,0,0,0,0,3337],"bins":[0,0.03125,0.0625,0.09375,0.125,0.15625,0.1875,0.21875,0.25,0.28125,0.3125,0.34375,0.375,0.40625,0.4375,0.46875,0.5,0.53125,0.5625,0.59375,0.625,0.65625,0.6875,0.71875,0.75,0.78125,0.8125,0.84375,0.875,0.90625,0.9375,0.96875,1,1.03125,1.0625,1.09375,1.125,1.15625,1.1875,1.21875,1.25,1.28125,1.3125,1.34375,1.375,1.40625,1.4375,1.46875,1.5,1.53125,1.5625,1.59375,1.625,1.65625,1.6875,1.71875,1.75,1.78125,1.8125,1.84375,1.875,1.90625,1.9375,1.96875,2]},"RandomAgent/reward":0,"agent_1/action_taken":1,"_step":10004,"RegretMatching/reward":0,"RandomAgent/action_taken":1,"final_rewards_summary":{"sha256":"f00e58c37097467a05ec450aec2bbbd6ef2be2806f813e52a86139cabe5de169","size":131,"artifact_path":"wandb-client-artifact://3xghl8bsi0v9ezck9mf5odqrzroipi8hs3uwle7n844lybeoquihx0m4n81zjehxomskycesnvo6g1mr8iy1uae0taqrz3rq3jiuk53s1n8ulbceodcor53pnb6tai1a/final_rewards_summary.table.json","_latest_artifact_path":"wandb-client-artifact://ynsg9o7g2lih111lseo4tgyxvhftquzv2s6b0hmw7jiyo9fpz0d34te9oijp1qyj0hcrqhpzqqxxunr4970a4dkk6mx2dc2xrw5kncheabxnx6ri7d14q5vdxhq55sza:latest/final_rewards_summary.table.json","path":"media/table/final_rewards_summary_10004_f00e58c37097467a05ec.table.json","ncols":3,"nrows":2,"_type":"table-file"},"agent_0/action_taken":1,"RandomAgent/avg_reward":0.0003,"agent_1/final_policy":{"_type":"histogram","values":[0,0,0,0,0,0,0,0,0,0,0,0,0,0,0,0,0,0,0,0,0,0,0,0,0,0,0,0,0,0,0,0,3,0,0,0,0,0,0,0,0,0,0,0,0,0,0,0,0,0,0,0,0,0,0,0,0,0,0,0,0,0,0,0],"bins":[-0.16666666666666669,-0.15104166666666669,-0.13541666666666669,-0.11979166666666669,-0.10416666666666669,-0.08854166666666669,-0.07291666666666669,-0.057291666666666685,-0.041666666666666685,-0.026041666666666685,-0.010416666666666685,0.005208333333333315,0.020833333333333315,0.036458333333333315,0.052083333333333315,0.06770833333333331,0.08333333333333331,0.09895833333333331,0.11458333333333331,0.13020833333333331,0.14583333333333331,0.16145833333333331,0.17708333333333331,0.19270833333333331,0.20833333333333331,0.22395833333333331,0.23958333333333331,0.2552083333333333,0.2708333333333333,0.2864583333333333,0.3020833333333333,0.3177083333333333,0.3333333333333333,0.3489583333333333,0.3645833333333333,0.3802083333333333,0.3958333333333333,0.4114583333333333,0.4270833333333333,0.4427083333333333,0.4583333333333333,0.4739583333333333,0.4895833333333333,0.5052083333333333,0.5208333333333333,0.5364583333333333,0.5520833333333333,0.5677083333333333,0.5833333333333333,0.5989583333333333,0.6145833333333333,0.6302083333333333,0.6458333333333333,0.6614583333333333,0.6770833333333333,0.6927083333333333,0.7083333333333333,0.7239583333333333,0.7395833333333333,0.7552083333333333,0.7708333333333333,0.7864583333333333,0.8020833333333333,0.8177083333333333,0.8333333333333333]},"agent_1/avg_reward":0.0003,"agent_1/reward":0,"game":"RPS","episode":9999,"agent_1_type":"RandomAgent",