{"agent_1/reward":-1,"RandomAgent/reward":-1,"RegretMatching/action_distribution_final":{"_type":"histogram","values":[4988,0,0,0,0,0,0,0,0,0,0,0,0,0,0,0,0,0,0,0,0,0,0,0,0,0,0,0,0,0,0,0,0,0,0,0,0,0,0,0,0,0,0,0,0,0,0,0,0,0,0,0,0,0,0,0,0,0,0,0,0,0,0,5012],"bins":[0,0.015625,0.03125,0.046875,0.0625,0.078125,0.09375,0.109375,0.125,0.140625,0.15625,0.171875,0.1875,0.203125,0.21875,0.234375,0.25,0.265625,0.28125,0.296875,0.3125,0.328125,0.34375,0.359375,0.375,0.390625,0.40625,0.421875,0.4375,0.453125,0.46875,0.484375,0.5,0.515625,0.53125,0.546875,0.5625,0.578125,0.59375,0.609375,0.625,0.640625,0.65625,0.671875,0.6875,0.703125,0.71875,0.734375,0.75,0.765625,0.78125,0.796875,0.8125,0.828125,0.84375,0.859375,0.875,0.890625,0.90625,0.921875,0.9375,0.953125,0.96875,0.984375,1]},"RandomAgent/avg_reward":0.0042,"agent_0/action_taken":1,"agent_1_type":"RandomAgent","agent_1/action_taken":1,"agent_0/final_policy":{"values":[1,0,0,0,0,0,0,0,0,0,0,0,0,0,0,0,0,0,0,0,0,0,0,0,0,0,0,0,0,0,0,0,0,0,0,0,0,0,0,0,0,0,0,0,0,0,0,0,0,0,0,0,0,0,0,0,0,0,0,0,0,0,0,1],"bins":[0.4962,0.4963171875,0.496434375,0.4965515625,0.49666875,0.4967859375,0.496903125,0.4970203125,0.4971375,0.49725468749999996,0.49737187499999996,0.49748906249999997,0.49760624999999997,0.4977234375,0.497840625,0.4979578125,0.498075,0.4981921875,0.498309375,0.4984265625,0.49854375,0.4986609375,0.498778125,0.4988953125,0.49901249999999997,0.4991296875,0.499246875,0.4993640625,0.49948125,0.4995984375,0.499715625,0.4998328125,0.49995,0.5000671875,0.500184375,0.5003015625,0.50041875,0.5005359375,0.500653125,0.5007703125,0.5008875,0.5010046875,0.501121875,0.5012390625,0.5013562500000001,0.5014734375000001,0.5015906250000001,0.5017078125000001,0.501825,0.5019421875,0.502059375,0.5021765625,0.50229375,0.5024109375,0.502528125,0.5026453125,0.5027625,0.5028796875,0.502996875,0.5031140625,0.50323125,0.5033484375,0.503465625,0.5035828125,0.5037],"_type":"histogram"},"RegretMatching/reward":1,"_runtime":10.755854,"game":"MP","_timestamp":1.747853416515114e+09,"agent_0_type":"RegretMatching","RegretMatching/avg_reward":-0.0042,"agent_0/reward":1,"episode":9999,"agent_1/action_distribution_final":{"_type":"histogram","values":[5063,0,0,0,0,0,0,0,0,0,0,0,0,0,0,0,0,0,0,0,0,0,0,0,0,0,0,0,0,0,0,0,0,0,0,0,0,0,0,0,0,0,0,0,0,0,0,0,0,0,0,0,0,0,0,0,0,0,0,0,0,0,0,4937],"bins":[0,0.015625,0.03125,0.046875,0.0625,0.078125,0.09375,0.109375,0.125,0.140625,0.15625,0.171875,0.1875,0.203125,0.21875,0.234375,0.25,0.265625,0.28125,0.296875,0.3125,0.328125,0.34375,0.359375,0.375,0.390625,0.40625,0.421875,0.4375,0.453125,0.46875,0.484375,0.5,0.515625,0.53125,0.546875,0.5625,0.578125,0.59375,0.609375,0.625,0.640625,0.65625,0.671875,0.6875,0.703125,0.71875,0.734375,0.75,0.765625,0.78125,0.796875,0.8125,0.828125,0.84375,0.859375,0.875,0.890625,0.90625,0.921875,0.9375,0.953125,0.96875,0.984375,1]},"RandomAgent/action_distribution_final":{"_type":"histogram","values":[5063,0,0,0,0,0,0,0,0,0,0,0,0,0,0,0,0,0,0,0,0,0,0,0,0,0,0,0,0,0,0,0,0,0,0,0,0,0,0,0,0,0,0,0,0,0,0,0,0,0,0,0,0,0,0,0,0,0,0,0,0,0,0,4937],"bins":[0,0.015625,0.03125,0.046875,0.0625,0.078125,0.09375,0.109375,0.125,0.140625,0.15625,0.171875,0.1875,0.203125,0.21875,0.234375,0.25,0.265625,0.28125,0.296875,0.3125,0.328125,0.34375,0.359375,0.375,0.390625,0.40625,0.421875,0.4375,0.453125,0.46875,0.484375,0.5,0.515625,0.53125,0.546875,0.5625,0.578125,0.59375,0.609375,0.625,0.640625,0.65625,0.671875,0.6875,0.703125,0.71875,0.734375,0.75,0.765625,0.78125,0.796875,0.8125,0.828125,0.84375,0.859375,0.875,0.890625,0.90625,0.921875,0.9375,0.953125,0.96875,0.984375,1]},"agent_1/final_policy":{"_type":"histogram","values":[0,0,0,0,0,0,0,0,0,0,0,0,0,0,0,0,0,0,0,0,0,0,0,0,0,0,0,0,0,0,0,0,2,0,0,0,0,0,0,0,0,0,0,0,0,0,0,0,0,0,0,0,0,0,0,0,0,0,0,0,0,0,0,0],"bins":[0,0.015625,0.03125,0.046875,0.0625,0.078125,0.09375,0.109375,0.125,0.140625,0.15625,0.171875,0.1875,0.203125,0.21875,0.234375,0.25,0.265625,0.28125,0.296875,0.3125,0.328125,0.34375,0.359375,0.375,0.390625,0.40625,0.421875,0.4375,0.453125,0.46875,0.484375,0.5,0.515625,0.53125,0.546875,0.5625,0.578125,0.59375,0.609375,0.625,0.640625,0.65625,0.671875,0.6875,0.703125,0.71875,0.734375,0.75,0.765625,0.78125,0.796875,0.8125,0.828125,0.84375,0.859375,0.875,0.890625,0.90625,0.921875,0.9375,0.953125,0.96875,0.984375,1]},"RegretMatching/final_policy":{"_type":"histogram","values":[1,0,0,0,0,0,0,0,0,0,0,0,0,0,0,0,0,0,0,0,0,0,0,0,0,0,0,0,0,0,0,0,0,0,0,0,0,0,0,0,0,0,0,0,0,0,0,0,0,0,0,0,0,0,0,0,0,0,0,0,0,0,0,1],"bins":[0.4962,0.4963171875,0.496434375,0.4965515625,0.49666875,0.4967859375,0.496903125,0.4970203125,0.4971375,0.49725468749999996,0.49737187499999996,0.49748906249999997,0.49760624999999997,0.4977234375,0.497840625,0.4979578125,0.498075,0.4981921875,0.498309375,0.4984265625,0.49854375,0.4986609375,0.498778125,0.4988953125,0.49901249999999997,0.4991296875,0.499246875,0.4993640625,0.49948125,0.4995984375,0.499715625,0.4998328125,0.49995,0.5000671875,0.500184375,0.5003015625,0.50041875,0.5005359375,0.500653125,0.5007703125,0.5008875,0.5010046875,0.501121875,0.5012390625,0.5013562500000001,0.5014734375000001,0.5015906250000001,0.5017078125000001,0.501825,0.5019421875,0.502059375,0.5021765625,0.50229375,0.5024109375,0.502528125,0.5026453125,0.5027625,0.5028796875,0.502996875,0.5031140625,0.50323125,0.5033484375,0.503465625,0.5035828125,0.5037]},"_wandb":{"runtime":10},"RegretMatching/action_taken":1,"RandomAgent/action_taken":1,"agent_0/action_distribution_final":{"bins":[0,0.015625,0.03125,0.046875,0.0625,0.078125,0.09375,0.109375,0.125,0.140625,0.15625,0.171875,0.1875,0.203125,0.21875,0.234375,0.25,0.265625,0.28125,0.296875,0.3125,0.328125,0.34375,0.359375,0.375,0.390625,0.40625,0.421875,0.4375,0.453125,0.46875,0.484375,0.5,0.515625,0.53125,0.546875,0.5625,0.578125,0.59375,0.609375,0.625,0.640625,0.65625,0.671875,0.6875,0.703125,0.71875,0.734375,0.75,0.765625,0.78125,0.796875,0.8125,0.828125,0.84375,0.859375,0.875,0.890625,0.90625,0.921875,0.9375,0.953125,0.96875,0.984375,1],"_type":"histogram","values":[4988,0,0,0,0,0,0,0,0,0,0,0,0,0,0,0,0,0,0,0,0,0,0,0,0,0,0,0,0,0,0,0,0,0,0,0,0,0,0,0,0,0,0,0,0,0,0,0,0,0,0,0,0,0,0,0,0,0,0,0,0,0,0,5012]},"agent_1/avg_reward":0.0042,"RandomAgent/final_policy":{"bins":[0,0.015625,0.03125,0.046875,0.0625,0.078125,0.09375,0.109375,0.125,0.140625,0.15625,0.171875,0.1875,0.203125,0.21875,0.234375,0.25,0.265625,0.28125,0.296875,0.3125,0.328125,0.34375,0.359375,0.375,0.390625,0.40625,0.421875,0.4375,0.453125,0.46875,0.484375,0.5,0.515625,0.53125,0.546875,0.5625,0.578125,0.59375,0.609375,0.625,0.640625,0.65625,0.671875,0.6875,0.703125,0.71875,0.734375,0.75,0.765625,0.78125,0.796875,0.8125,0.828125,0.84375,0.859375,0.875,0.890625,0.90625,0.921875,0.9375,0.953125,0.96875,0.984375,1],"_type":"histogram","values":[0,0,0,0,0,0,0,0,0,0,0,0,0,0,0,0,0,0,0,0,0,0,0,0,0,0,0,0,0,0,0,0,2,0,0,0,0,0,0,0,0,0,0,0,0,0,0,0,0,0,0,0,0,0,0,0,0,0,0,0,0,0,0,0]},"_step":10003,"agent_0/avg_reward":-0.0042}