{"episode":9999,"agent_0/reward":-1,"agent_1/avg_reward":-0.0104,"agent_0/action_distribution_final":{"values":[5006,0,0,0,0,0,0,0,0,0,0,0,0,0,0,0,0,0,0,0,0,0,0,0,0,0,0,0,0,0,0,0,0,0,0,0,0,0,0,0,0,0,0,0,0,0,0,0,0,0,0,0,0,0,0,0,0,0,0,0,0,0,0,4994],"bins":[0,0.015625,0.03125,0.046875,0.0625,0.078125,0.09375,0.109375,0.125,0.140625,0.15625,0.171875,0.1875,0.203125,0.21875,0.234375,0.25,0.265625,0.28125,0.296875,0.3125,0.328125,0.34375,0.359375,0.375,0.390625,0.40625,0.421875,0.4375,0.453125,0.46875,0.484375,0.5,0.515625,0.53125,0.546875,0.5625,0.578125,0.59375,0.609375,0.625,0.640625,0.65625,0.671875,0.6875,0.703125,0.71875,0.734375,0.75,0.765625,0.78125,0.796875,0.8125,0.828125,0.84375,0.859375,0.875,0.890625,0.90625,0.921875,0.9375,0.953125,0.96875,0.984375,1],"_type":"histogram"},"agent_1/action_distribution_final":{"values":[4976,0,0,0,0,0,0,0,0,0,0,0,0,0,0,0,0,0,0,0,0,0,0,0,0,0,0,0,0,0,0,0,0,0,0,0,0,0,0,0,0,0,0,0,0,0,0,0,0,0,0,0,0,0,0,0,0,0,0,0,0,0,0,5024],"bins":[0,0.015625,0.03125,0.046875,0.0625,0.078125,0.09375,0.109375,0.125,0.140625,0.15625,0.171875,0.1875,0.203125,0.21875,0.234375,0.25,0.265625,0.28125,0.296875,0.3125,0.328125,0.34375,0.359375,0.375,0.390625,0.40625,0.421875,0.4375,0.453125,0.46875,0.484375,0.5,0.515625,0.53125,0.546875,0.5625,0.578125,0.59375,0.609375,0.625,0.640625,0.65625,0.671875,0.6875,0.703125,0.71875,0.734375,0.75,0.765625,0.78125,0.796875,0.8125,0.828125,0.84375,0.859375,0.875,0.890625,0.90625,0.921875,0.9375,0.953125,0.96875,0.984375,1],"_type":"histogram"},"game":"MP","agent_1/action_taken":0,"agent_0/action_taken":1,"agent_0/avg_reward":0.0104,"agent_0_type":"RegretMatching","agent_1/reward":1,"_timestamp":1.7478525186863804e+09,"_wandb":{"runtime":15},"agent_1_type":"RegretMatching","_step":10003,"agent_0/final_policy":{"bins":[0.4984,0.4984484375,0.498496875,0.4985453125,0.49859375,0.4986421875,0.498690625,0.4987390625,0.4987875,0.4988359375,0.498884375,0.4989328125,0.49898125,0.4990296875,0.499078125,0.4991265625,0.499175,0.4992234375,0.499271875,0.4993203125,0.49936875,0.49941718749999997,0.49946562499999997,0.49951406249999997,0.49956249999999996,0.49961093749999996,0.49965937499999996,0.49970781249999996,0.49975624999999996,0.49980468749999996,0.49985312499999995,0.49990156249999995,0.49995,0.4999984375,0.500046875,0.5000953124999999,0.50014375,0.5001921874999999,0.500240625,0.5002890624999999,0.5003375,0.5003859374999999,0.500434375,0.5004828124999999,0.50053125,0.5005796874999999,0.500628125,0.5006765624999999,0.500725,0.5007734374999999,0.500821875,0.5008703124999999,0.50091875,0.5009671874999999,0.501015625,0.5010640624999999,0.5011125,0.5011609374999999,0.501209375,0.5012578124999999,0.50130625,0.5013546874999999,0.501403125,0.5014515624999999,0.5015],"_type":"histogram","values":[1,0,0,0,0,0,0,0,0,0,0,0,0,0,0,0,0,0,0,0,0,0,0,0,0,0,0,0,0,0,0,0,0,0,0,0,0,0,0,0,0,0,0,0,0,0,0,0,0,0,0,0,0,0,0,0,0,0,0,0,0,0,0,1]},"agent_1/final_policy":{"_type":"histogram","values":[1,0,0,0,0,0,0,0,0,0,0,0,0,0,0,0,0,0,0,0,0,0,0,0,0,0,0,0,0,0,0,0,0,0,0,0,0,0,0,0,0,0,0,0,0,0,0,0,0,0,0,0,0,0,0,0,0,0,0,0,0,0,0,1],"bins":[0.49905,0.499078125,0.49910625,0.499134375,0.4991625,0.499190625,0.49921875,0.499246875,0.499275,0.499303125,0.49933125,0.499359375,0.4993875,0.499415625,0.49944375,0.499471875,0.4995,0.499528125,0.49955625,0.499584375,0.4996125,0.499640625,0.49966875,0.499696875,0.499725,0.499753125,0.49978125,0.499809375,0.4998375,0.499865625,0.49989375,0.499921875,0.49995,0.499978125,0.50000625,0.500034375,0.5000625,0.500090625,0.5001187500000001,0.500146875,0.500175,0.500203125,0.50023125,0.5002593750000001,0.5002875,0.500315625,0.50034375,0.500371875,0.5004,0.500428125,0.50045625,0.500484375,0.5005125,0.500540625,0.50056875,0.500596875,0.500625,0.500653125,0.50068125,0.500709375,0.5007375000000001,0.500765625,0.50079375,0.500821875,0.50085]},"_runtime":15.359756}