{"agent_1_action_1":3334,"reward_plot":{"size":23619,"path":"media/images/reward_plot_8_c9b141093bd78e87dd71.png","format":"png","width":640,"height":480,"_type":"image-file","sha256":"c9b141093bd78e87dd7184664f650588d07cf9ff030d7dc449fd09f457b629ae"},"avg_reward_agent_0":-0.0001,"agent_0_action_1":3332,"agent_1_action_0":3334,"_wandb":{"runtime":15},"_step":8,"agent_0_action_0":3334,"agent_0_action_2":3334,"agent_1_action_2":3332,"total_reward_agent_1":1,"_timestamp":1.747850309308703e+09,"_runtime":15.532176100000001,"total_reward_agent_0":-1,"avg_reward_agent_1":0.0001}