{"agent_0_type":"FictitiousPlay","agent_0/reward":-1,"agent_1/avg_reward":0.3384,"episode":9999,"FictitiousPlay/action_distribution_final":{"bins":[0,0.03125,0.0625,0.09375,0.125,0.15625,0.1875,0.21875,0.25,0.28125,0.3125,0.34375,0.375,0.40625,0.4375,0.46875,0.5,0.53125,0.5625,0.59375,0.625,0.65625,0.6875,0.71875,0.75,0.78125,0.8125,0.84375,0.875,0.90625,0.9375,0.96875,1,1.03125,1.0625,1.09375,1.125,1.15625,1.1875,1.21875,1.25,1.28125,1.3125,1.34375,1.375,1.40625,1.4375,1.46875,1.5,1.53125,1.5625,1.59375,1.625,1.65625,1.6875,1.71875,1.75,1.78125,1.8125,1.84375,1.875,1.90625,1.9375,1.96875,2],"_type":"histogram","values":[3270,0,0,0,0,0,0,0,0,0,0,0,0,0,0,0,0,0,0,0,0,0,0,0,0,0,0,0,0,0,0,0,3300,0,0,0,0,0,0,0,0,0,0,0,0,0,0,0,0,0,0,0,0,0,0,0,0,0,0,0,0,0,0,3430]},"agent_1/reward":1,"FictitiousPlay/action_taken":2,"RegretMatching/reward":1,"RegretMatching/action_distribution_final":{"_type":"histogram","values":[3333,0,0,0,0,0,0,0,0,0,0,0,0,0,0,0,0,0,0,0,0,0,0,0,0,0,0,0,0,0,0,0,3333,0,0,0,0,0,0,0,0,0,0,0,0,0,0,0,0,0,0,0,0,0,0,0,0,0,0,0,0,0,0,3334],"bins":[0,0.03125,0.0625,0.09375,0.125,0.15625,0.1875,0.21875,0.25,0.28125,0.3125,0.34375,0.375,0.40625,0.4375,0.46875,0.5,0.53125,0.5625,0.59375,0.625,0.65625,0.6875,0.71875,0.75,0.78125,0.8125,0.84375,0.875,0.90625,0.9375,0.96875,1,1.03125,1.0625,1.09375,1.125,1.15625,1.1875,1.21875,1.25,1.28125,1.3125,1.34375,1.375,1.40625,1.4375,1.46875,1.5,1.53125,1.5625,1.59375,1.625,1.65625,1.6875,1.71875,1.75,1.78125,1.8125,1.84375,1.875,1.90625,1.9375,1.96875,2]},"FictitiousPlay/reward":-1,"_timestamp":1.7478545192377586e+09,"agent_0/action_distribution_final":{"values":[3270,0,0,0,0,0,0,0,0,0,0,0,0,0,0,0,0,0,0,0,0,0,0,0,0,0,0,0,0,0,0,0,3300,0,0,0,0,0,0,0,0,0,0,0,0,0,0,0,0,0,0,0,0,0,0,0,0,0,0,0,0,0,0,3430],"bins":[0,0.03125,0.0625,0.09375,0.125,0.15625,0.1875,0.21875,0.25,0.28125,0.3125,0.34375,0.375,0.40625,0.4375,0.46875,0.5,0.53125,0.5625,0.59375,0.625,0.65625,0.6875,0.71875,0.75,0.78125,0.8125,0.84375,0.875,0.90625,0.9375,0.96875,1,1.03125,1.0625,1.09375,1.125,1.15625,1.1875,1.21875,1.25,1.28125,1.3125,1.34375,1.375,1.40625,1.4375,1.46875,1.5,1.53125,1.5625,1.59375,1.625,1.65625,1.6875,1.71875,1.75,1.78125,1.8125,1.84375,1.875,1.90625,1.9375,1.96875,2],"_type":"histogram"},"agent_1/action_taken":0,"agent_1_type":"RegretMatching","agent_1/final_policy":{"_type":"histogram","values":[1,0,0,0,0,0,0,0,0,0,0,0,0,0,0,0,0,0,0,0,0,0,0,0,0,0,0,0,0,0,0,0,0,0,0,0,0,0,0,0,0,0,0,0,0,0,0,0,0,0,0,0,0,0,0,0,0,0,0,0,0,0,1,1],"bins":[0.3308666666666858,0.3309244791666858,0.33098229166668586,0.3310401041666859,0.3310979166666859,0.33115572916668595,0.331213541666686,0.331271354166686,0.33132916666668605,0.3313869791666861,0.3314447916666861,0.3315026041666861,0.3315604166666861,0.33161822916668615,0.3316760416666862,0.3317338541666862,0.33179166666668625,0.3318494791666863,0.3319072916666863,0.33196510416668634,0.3320229166666864,0.3320807291666864,0.33213854166668644,0.33219635416668647,0.3322541666666865,0.33231197916668653,0.33236979166668656,0.3324276041666866,0.33248541666668663,0.33254322916668666,0.3326010416666867,0.3326588541666867,0.33271666666668676,0.33277447916668673,0.33283229166668676,0.3328901041666868,0.3329479166666868,0.33300572916668686,0.3330635416666869,0.3331213541666869,0.33317916666668695,0.333236979166687,0.333294791666687,0.33335260416668705,0.3334104166666871,0.3334682291666871,0.33352604166668715,0.3335838541666872,0.3336416666666872,0.33369947916668724,0.3337572916666873,0.3338151041666873,0.33387291666668734,0.33393072916668737,0.33398854166668734,0.3340463541666874,0.3341041666666874,0.33416197916668744,0.33421979166668747,0.3342776041666875,0.33433541666668753,0.33439322916668757,0.3344510416666876,0.33450885416668763,0.33456666666668766]},"agent_0/final_policy":{"_type":"histogram","values":[1,0,0,0,0,0,0,0,0,0,1,0,0,0,0,0,0,0,0,0,0,0,0,0,0,0,0,0,0,0,0,0,0,0,0,0,0,0,0,0,0,0,0,0,0,0,0,0,0,0,0,0,0,0,0,0,0,0,0,0,0,0,0,1],"bins":[0.3273126434487576,0.3275558826464425,0.32779912184412735,0.32804236104181217,0.32828560023949704,0.3285288394371819,0.3287720786348668,0.3290153178325516,0.3292585570302365,0.32950179622792136,0.32974503542560624,0.32998827462329106,0.33023151382097593,0.3304747530186608,0.3307179922163457,0.3309612314140305,0.3312044706117154,0.33144770980940025,0.3316909490070851,0.33193418820477,0.3321774274024548,0.3324206666001397,0.33266390579782457,0.33290714499550944,0.33315038419319426,0.33339362339087913,0.333636862588564,0.3338801017862489,0.3341233409839337,0.3343665801816186,0.33460981937930345,0.3348530585769883,0.3350962977746732,0.335339536972358,0.3355827761700429,0.33582601536772777,0.33606925456541265,0.33631249376309746,0.33655573296078234,0.3367989721584672,0.3370422113561521,0.3372854505538369,0.3375286897515218,0.33777192894920666,0.33801516814689153,0.33825840734457635,0.3385016465422612,0.3387448857399461,0.338988124937631,0.33923136413531585,0.33947460333300067,0.33971784253068554,0.3399610817283704,0.3402043209260553,0.3404475601237401,0.340690799321425,0.34093403851910986,0.34117727771679474,0.34142051691447955,0.34166375611216443,0.3419069953098493,0.3421502345075342,0.342393473705219,0.3426367129029039,0.34287995210058875]},"FictitiousPlay/final_policy":{"bins":[0.3273126434487576,0.3275558826464425,0.32779912184412735,0.32804236104181217,0.32828560023949704,0.3285288394371819,0.3287720786348668,0.3290153178325516,0.3292585570302365,0.32950179622792136,0.32974503542560624,0.32998827462329106,0.33023151382097593,0.3304747530186608,0.3307179922163457,0.3309612314140305,0.3312044706117154,0.33144770980940025,0.3316909490070851,0.33193418820477,0.3321774274024548,0.3324206666001397,0.33266390579782457,0.33290714499550944,0.33315038419319426,0.33339362339087913,0.333636862588564,0.3338801017862489,0.3341233409839337,0.3343665801816186,0.33460981937930345,0.3348530585769883,0.3350962977746732,0.335339536972358,0.3355827761700429,0.33582601536772777,0.33606925456541265,0.33631249376309746,0.33655573296078234,0.3367989721584672,0.3370422113561521,0.3372854505538369,0.3375286897515218,0.33777192894920666,0.33801516814689153,0.33825840734457635,0.3385016465422612,0.3387448857399461,0.338988124937631,0.33923136413531585,0.33947460333300067,0.33971784253068554,0.3399610817283704,0.3402043209260553,0.3404475601237401,0.340690799321425,0.34093403851910986,0.34117727771679474,0.34142051691447955,0.34166375611216443,0.3419069953098493,0.3421502345075342,0.342393473705219,0.3426367129029039,0.34287995210058875],"_type":"histogram","values":[1,0,0,0,0,0,0,0,0,0,1,0,0,0,0,0,0,0,0,0,0,0,0,0,0,0,0,0,0,0,0,0,0,0,0,0,0,0,0,0,0,0,0,0,0,0,0,0,0,0,0,0,0,0,0,0,0,0,0,0,0,0,0,1]},"final_rewards_summary":{"nrows":2,"_type":"table-file","sha256":"9a50965ea78cac8e3aea98f323f1b1b04fdb472b9a6135a1630b9efe43b224f9","size":140,"artifact_path":"wandb-client-artifact://pto501w8r5mlinmts9wj90r219vptffzcspzf83vqw7wof6k9klkt04gxxmcny5dg0gxpj4m8pahgeztw10adsv7ocq8rz502k5ajomchywb5qgwvkhviwm0ylfcxix2/final_rewards_summary.table.json","_latest_artifact_path":"wandb-client-artifact://ftx28zacatq50k0276volu0pzbjuh9fva02y40br9b8fe2rwy6d8bjspmtgmxpppdi463dlusm5zqatao0amfrpk83i96djgwpvw2jydp4b7dokkpymaqid2c61iuseu:latest/final_rewards_summary.table.json","path":"media/table/final_rewards_summary_10004_9a50965ea78cac8e3aea.table.json","ncols":3},"game":"RPS","agent_0/avg_reward":-0.3384,"agent_0/action_taken":2,"RegretMatching/action_taken":0,"RegretMatching/final_policy":{"_type":"histogram","values":[1,0,0,0,0,0,0,0,0,0,0,0,0,0,0,0,0,0,0,0,0,0,0,0,0,0,0,0,0,0,0,0,0,0,0,0,0,0,0,0,0,0,0,0,0,0,0,0,0,0,0,0,0,0,0,0,0,0,0,0,0,0,1,1],