{"_step":4,"agent_1_action_0":10000,"avg_reward_agent_0":0,"_runtime":7.0602596,"_wandb":{"runtime":7},"reward_plot":{"width":640,"height":480,"_type":"image-file","sha256":"dd087c73c43588cc56cf1e5d1d01f5a5f8f263b980c00aef9c24e7b5d1675c6a","size":19491,"path":"media/images/reward_plot_4_dd087c73c43588cc56cf.png","format":"png"},"_timestamp":1.7478501381498642e+09,"total_reward_agent_1":0,"total_reward_agent_0":0,"agent_0_action_0":10000,"avg_reward_agent_1":0}