{"avg_reward_agent_0":0.004,"total_reward_agent_0":40,"_timestamp":1.7478500637442534e+09,"_wandb":{"runtime":12},"agent_0_action_1":914,"total_reward_agent_1":-40,"agent_1_action_0":5060,"_runtime":12.2296102,"agent_1_action_1":4940,"_step":6,"agent_0_action_0":9086,"avg_reward_agent_1":-0.004,"reward_plot":{"format":"png","width":640,"height":480,"_type":"image-file","sha256":"068fe79819e0610c6127c0078df142c6d32d66204c5468ccc6c8c81c0f8bc2af","size":29418,"path":"media/images/reward_plot_6_068fe79819e0610c6127.png"}}