{"agent_1/action_taken":0,"agent_0/avg_reward":-0.006,"episode":9999,"agent_0/final_policy":{"values":[1,0,0,1,0,0,0,0,0,0,0,0,0,0,0,0,0,0,0,0,0,0,0,0,0,0,0,0,0,0,0,0,0,0,0,0,0,0,0,0,0,0,0,0,0,0,0,0,0,0,0,0,0,0,0,0,0,0,0,0,0,0,0,1],"bins":[0.33156666666668033,0.3316432291666803,0.3317197916666803,0.3317963541666803,0.3318729166666803,0.33194947916668033,0.3320260416666803,0.3321026041666803,0.3321791666666803,0.3322557291666803,0.33233229166668027,0.33240885416668026,0.3324854166666803,0.3325619791666803,0.3326385416666803,0.33271510416668026,0.33279166666668025,0.33286822916668024,0.33294479166668023,0.3330213541666802,0.3330979166666802,0.33317447916668025,0.33325104166668024,0.3333276041666802,0.3334041666666802,0.3334807291666802,0.3335572916666802,0.3336338541666802,0.3337104166666802,0.3337869791666802,0.3338635416666802,0.3339401041666802,0.3340166666666802,0.33409322916668016,0.33416979166668015,0.33424635416668014,0.3343229166666801,0.33439947916668017,0.33447604166668016,0.33455260416668015,0.33462916666668013,0.3347057291666801,0.3347822916666801,0.3348588541666801,0.33493541666668014,0.33501197916668013,0.3350885416666801,0.3351651041666801,0.3352416666666801,0.3353182291666801,0.33539479166668007,0.33547135416668006,0.33554791666668005,0.3356244791666801,0.3357010416666801,0.33577760416668007,0.33585416666668005,0.33593072916668004,0.33600729166668003,0.33608385416668,0.33616041666668006,0.33623697916668005,0.33631354166668004,0.33639010416668,0.33646666666668],"_type":"histogram"},"_step":10003,"agent_0/action_distribution_final":{"values":[3322,0,0,0,0,0,0,0,0,0,0,0,0,0,0,0,0,0,0,0,0,0,0,0,0,0,0,0,0,0,0,0,3363,0,0,0,0,0,0,0,0,0,0,0,0,0,0,0,0,0,0,0,0,0,0,0,0,0,0,0,0,0,0,3315],"bins":[0,0.03125,0.0625,0.09375,0.125,0.15625,0.1875,0.21875,0.25,0.28125,0.3125,0.34375,0.375,0.40625,0.4375,0.46875,0.5,0.53125,0.5625,0.59375,0.625,0.65625,0.6875,0.71875,0.75,0.78125,0.8125,0.84375,0.875,0.90625,0.9375,0.96875,1,1.03125,1.0625,1.09375,1.125,1.15625,1.1875,1.21875,1.25,1.28125,1.3125,1.34375,1.375,1.40625,1.4375,1.46875,1.5,1.53125,1.5625,1.59375,1.625,1.65625,1.6875,1.71875,1.75,1.78125,1.8125,1.84375,1.875,1.90625,1.9375,1.96875,2],"_type":"histogram"},"agent_0/reward":-1,"agent_1_type":"RandomAgent","agent_1/avg_reward":0.006,"_runtime":12.3062058,"agent_1/reward":1,"game":"RPS","agent_1/final_policy":{"values":[0,0,0,0,0,0,0,0,0,0,0,0,0,0,0,0,0,0,0,0,0,0,0,0,0,0,0,0,0,0,0,0,3,0,0,0,0,0,0,0,0,0,0,0,0,0,0,0,0,0,0,0,0,0,0,0,0,0,0,0,0,0,0,0],"bins":[-0.16666666666666669,-0.15104166666666669,-0.13541666666666669,-0.11979166666666669,-0.10416666666666669,-0.08854166666666669,-0.07291666666666669,-0.057291666666666685,-0.041666666666666685,-0.026041666666666685,-0.010416666666666685,0.005208333333333315,0.020833333333333315,0.036458333333333315,0.052083333333333315,0.06770833333333331,0.08333333333333331,0.09895833333333331,0.11458333333333331,0.13020833333333331,0.14583333333333331,0.16145833333333331,0.17708333333333331,0.19270833333333331,0.20833333333333331,0.22395833333333331,0.23958333333333331,0.2552083333333333,0.2708333333333333,0.2864583333333333,0.3020833333333333,0.3177083333333333,0.3333333333333333,0.3489583333333333,0.3645833333333333,0.3802083333333333,0.3958333333333333,0.4114583333333333,0.4270833333333333,0.4427083333333333,0.4583333333333333,0.4739583333333333,0.4895833333333333,0.5052083333333333,0.5208333333333333,0.5364583333333333,0.5520833333333333,0.5677083333333333,0.5833333333333333,0.5989583333333333,0.6145833333333333,0.6302083333333333,0.6458333333333333,0.6614583333333333,0.6770833333333333,0.6927083333333333,0.7083333333333333,0.7239583333333333,0.7395833333333333,0.7552083333333333,0.7708333333333333,0.7864583333333333,0.8020833333333333,0.8177083333333333,0.8333333333333333],"_type":"histogram"},"agent_0/action_taken":2,"agent_1/action_distribution_final":{"_type":"histogram","values":[3423,0,0,0,0,0,0,0,0,0,0,0,0,0,0,0,0,0,0,0,0,0,0,0,0,0,0,0,0,0,0,0,3317,0,0,0,0,0,0,0,0,0,0,0,0,0,0,0,0,0,0,0,0,0,0,0,0,0,0,0,0,0,0,3260],"bins":[0,0.03125,0.0625,0.09375,0.125,0.15625,0.1875,0.21875,0.25,0.28125,0.3125,0.34375,0.375,0.40625,0.4375,0.46875,0.5,0.53125,0.5625,0.59375,0.625,0.65625,0.6875,0.71875,0.75,0.78125,0.8125,0.84375,0.875,0.90625,0.9375,0.96875,1,1.03125,1.0625,1.09375,1.125,1.15625,1.1875,1.21875,1.25,1.28125,1.3125,1.34375,1.375,1.40625,1.4375,1.46875,1.5,1.53125,1.5625,1.59375,1.625,1.65625,1.6875,1.71875,1.75,1.78125,1.8125,1.84375,1.875,1.90625,1.9375,1.96875,2]},"_wandb":{"runtime":12},"_timestamp":1.7478524940257108e+09,"agent_0_type":"RegretMatching"}