{"agent_0/reward":0,"agent_1/action_taken":1,"agent_0_type":"RegretMatching","_wandb":{"runtime":17},"agent_0/avg_reward":0,"agent_1/action_distribution_final":{"bins":[0,0.03125,0.0625,0.09375,0.125,0.15625,0.1875,0.21875,0.25,0.28125,0.3125,0.34375,0.375,0.40625,0.4375,0.46875,0.5,0.53125,0.5625,0.59375,0.625,0.65625,0.6875,0.71875,0.75,0.78125,0.8125,0.84375,0.875,0.90625,0.9375,0.96875,1,1.03125,1.0625,1.09375,1.125,1.15625,1.1875,1.21875,1.25,1.28125,1.3125,1.34375,1.375,1.40625,1.4375,1.46875,1.5,1.53125,1.5625,1.59375,1.625,1.65625,1.6875,1.71875,1.75,1.78125,1.8125,1.84375,1.875,1.90625,1.9375,1.96875,2],"_type":"histogram","values":[3333,0,0,0,0,0,0,0,0,0,0,0,0,0,0,0,0,0,0,0,0,0,0,0,0,0,0,0,0,0,0,0,3334,0,0,0,0,0,0,0,0,0,0,0,0,0,0,0,0,0,0,0,0,0,0,0,0,0,0,0,0,0,0,3333]},"agent_1_type":"RegretMatching","agent_0/final_policy":{"_type":"histogram","values":[0,0,0,0,0,0,0,0,0,0,0,0,0,0,0,0,0,0,0,0,0,0,0,0,0,0,0,0,0,0,0,0,3,0,0,0,0,0,0,0,0,0,0,0,0,0,0,0,0,0,0,0,0,0,0,0,0,0,0,0,0,0,0,0],"bins":[-0.16670000000000001,-0.15107500000000001,-0.13545000000000001,-0.11982500000000001,-0.10420000000000001,-0.08857500000000001,-0.07295000000000001,-0.057325000000000015,-0.041700000000000015,-0.026075000000000015,-0.010450000000000015,0.005174999999999985,0.020799999999999985,0.036424999999999985,0.052049999999999985,0.06767499999999999,0.08329999999999999,0.09892499999999999,0.11454999999999999,0.13017499999999999,0.14579999999999999,0.16142499999999999,0.17704999999999999,0.19267499999999999,0.20829999999999999,0.22392499999999999,0.23954999999999999,0.255175,0.2708,0.286425,0.30205,0.317675,0.3333,0.348925,0.36455,0.380175,0.3958,0.411425,0.42705,0.442675,0.4583,0.473925,0.48955,0.5051749999999999,0.5207999999999999,0.5364249999999999,0.5520499999999999,0.5676749999999999,0.5832999999999999,0.5989249999999999,0.6145499999999999,0.6301749999999999,0.6457999999999999,0.6614249999999999,0.6770499999999999,0.6926749999999999,0.7082999999999999,0.7239249999999999,0.7395499999999999,0.7551749999999999,0.7707999999999999,0.7864249999999999,0.8020499999999999,0.8176749999999999,0.8332999999999999]},"_step":10003,"episode":9999,"agent_1/reward":0,"agent_1/avg_reward":0,"_timestamp":1.7478525668987865e+09,"_runtime":17.5958626,"agent_0/action_distribution_final":{"values":[3333,0,0,0,0,0,0,0,0,0,0,0,0,0,0,0,0,0,0,0,0,0,0,0,0,0,0,0,0,0,0,0,3334,0,0,0,0,0,0,0,0,0,0,0,0,0,0,0,0,0,0,0,0,0,0,0,0,0,0,0,0,0,0,3333],"bins":[0,0.03125,0.0625,0.09375,0.125,0.15625,0.1875,0.21875,0.25,0.28125,0.3125,0.34375,0.375,0.40625,0.4375,0.46875,0.5,0.53125,0.5625,0.59375,0.625,0.65625,0.6875,0.71875,0.75,0.78125,0.8125,0.84375,0.875,0.90625,0.9375,0.96875,1,1.03125,1.0625,1.09375,1.125,1.15625,1.1875,1.21875,1.25,1.28125,1.3125,1.34375,1.375,1.40625,1.4375,1.46875,1.5,1.53125,1.5625,1.59375,1.625,1.65625,1.6875,1.71875,1.75,1.78125,1.8125,1.84375,1.875,1.90625,1.9375,1.96875,2],"_type":"histogram"},"agent_1/final_policy":{"values":[0,0,0,0,0,0,0,0,0,0,0,0,0,0,0,0,0,0,0,0,0,0,0,0,0,0,0,0,0,0,0,0,3,0,0,0,0,0,0,0,0,0,0,0,0,0,0,0,0,0,0,0,0,0,0,0,0,0,0,0,0,0,0,0],"bins":[-0.16670000000000001,-0.15107500000000001,-0.13545000000000001,-0.11982500000000001,-0.10420000000000001,-0.08857500000000001,-0.07295000000000001,-0.057325000000000015,-0.041700000000000015,-0.026075000000000015,-0.010450000000000015,0.005174999999999985,0.020799999999999985,0.036424999999999985,0.052049999999999985,0.06767499999999999,0.08329999999999999,0.09892499999999999,0.11454999999999999,0.13017499999999999,0.14579999999999999,0.16142499999999999,0.17704999999999999,0.19267499999999999,0.20829999999999999,0.22392499999999999,0.23954999999999999,0.255175,0.2708,0.286425,0.30205,0.317675,0.3333,0.348925,0.36455,0.380175,0.3958,0.411425,0.42705,0.442675,0.4583,0.473925,0.48955,0.5051749999999999,0.5207999999999999,0.5364249999999999,0.5520499999999999,0.5676749999999999,0.5832999999999999,0.5989249999999999,0.6145499999999999,0.6301749999999999,0.6457999999999999,0.6614249999999999,0.6770499999999999,0.6926749999999999,0.7082999999999999,0.7239249999999999,0.7395499999999999,0.7551749999999999,0.7707999999999999,0.7864249999999999,0.8020499999999999,0.8176749999999999,0.8332999999999999],"_type":"histogram"},"agent_0/action_taken":1,"game":"RPS"}